ImageNumber,ObjectNumber,FileName_Green_mask,FileName_Original,FileName_Red_mask,FileName_Violet_mask,PathName_Green_mask,PathName_Original,PathName_Red_mask,PathName_Violet_mask,Location_Center_X,Location_Center_Y,Location_Center_Z,Number_Object_Number,Parent_Cells
1,1,0ApNec 300-20 1green_mask.tif,0ApNec 300-20 1violet_orig.tif,0ApNec 300-20 1red_mask.tif,0ApNec 300-20 1violet_mask.tif,C:\Users\Modern\Desktop\Science stuff from the USB\23-12-2022 Vero on Matrixes\BatchConvert\Masks,C:\Users\Modern\Desktop\Science stuff from the USB\23-12-2022 Vero on Matrixes\BatchConvert\Masks,C:\Users\Modern\Desktop\Science stuff from the USB\23-12-2022 Vero on Matrixes\BatchConvert\Masks,C:\Users\Modern\Desktop\Science stuff from the USB\23-12-2022 Vero on Matrixes\BatchConvert\Masks,899.5702005730659,147.52722063037248,0,1,27
1,2,0ApNec 300-20 1green_mask.tif,0ApNec 300-20 1violet_orig.tif,0ApNec 300-20 1red_mask.tif,0ApNec 300-20 1violet_mask.tif,C:\Users\Modern\Desktop\Science stuff from the USB\23-12-2022 Vero on Matrixes\BatchConvert\Masks,C:\Users\Modern\Desktop\Science stuff from the USB\23-12-2022 Vero on Matrixes\BatchConvert\Masks,C:\Users\Modern\Desktop\Science stuff from the USB\23-12-2022 Vero on Matrixes\BatchConvert\Masks,C:\Users\Modern\Desktop\Science stuff from the USB\23-12-2022 Vero on Matrixes\BatchConvert\Masks,1001.442996742671,146.63517915309447,0,2,28
1,3,0ApNec 300-20 1green_mask.tif,0ApNec 300-20 1violet_orig.tif,0ApNec 300-20 1red_mask.tif,0ApNec 300-20 1violet_mask.tif,C:\Users\Modern\Desktop\Science stuff from the USB\23-12-2022 Vero on Matrixes\BatchConvert\Masks,C:\Users\Modern\Desktop\Science stuff from the USB\23-12-2022 Vero on Matrixes\BatchConvert\Masks,C:\Users\Modern\Desktop\Science stuff from the USB\23-12-2022 Vero on Matrixes\BatchConvert\Masks,C:\Users\Modern\Desktop\Science stuff from the USB\23-12-2022 Vero on Matrixes\BatchConvert\Masks,105.0010101010101,149.01111111111112,0,3,30
1,4,0ApNec 300-20 1green_mask.tif,0ApNec 300-20 1violet_orig.tif,0ApNec 300-20 1red_mask.tif,0ApNec 300-20 1violet_mask.tif,C:\Users\Modern\Desktop\Science stuff from the USB\23-12-2022 Vero on Matrixes\BatchConvert\Masks,C:\Users\Modern\Desktop\Science stuff from the USB\23-12-2022 Vero on Matrixes\BatchConvert\Masks,C:\Users\Modern\Desktop\Science stuff from the USB\23-12-2022 Vero on Matrixes\BatchConvert\Masks,C:\Users\Modern\Desktop\Science stuff from the USB\23-12-2022 Vero on Matrixes\BatchConvert\Masks,1264.146218487395,291.7546218487395,0,4,56
1,5,0ApNec 300-20 1green_mask.tif,0ApNec 300-20 1violet_orig.tif,0ApNec 300-20 1red_mask.tif,0ApNec 300-20 1violet_mask.tif,C:\Users\Modern\Desktop\Science stuff from the USB\23-12-2022 Vero on Matrixes\BatchConvert\Masks,C:\Users\Modern\Desktop\Science stuff from the USB\23-12-2022 Vero on Matrixes\BatchConvert\Masks,C:\Users\Modern\Desktop\Science stuff from the USB\23-12-2022 Vero on Matrixes\BatchConvert\Masks,C:\Users\Modern\Desktop\Science stuff from the USB\23-12-2022 Vero on Matrixes\BatchConvert\Masks,836.8884702336096,298.18839487565936,0,5,57
1,6,0ApNec 300-20 1green_mask.tif,0ApNec 300-20 1violet_orig.tif,0ApNec 300-20 1red_mask.tif,0ApNec 300-20 1violet_mask.tif,C:\Users\Modern\Desktop\Science stuff from the USB\23-12-2022 Vero on Matrixes\BatchConvert\Masks,C:\Users\Modern\Desktop\Science stuff from the USB\23-12-2022 Vero on Matrixes\BatchConvert\Masks,C:\Users\Modern\Desktop\Science stuff from the USB\23-12-2022 Vero on Matrixes\BatchConvert\Masks,C:\Users\Modern\Desktop\Science stuff from the USB\23-12-2022 Vero on Matrixes\BatchConvert\Masks,1162.8842592592594,423.8641975308642,0,6,97
1,7,0ApNec 300-20 1green_mask.tif,0ApNec 300-20 1violet_orig.tif,0ApNec 300-20 1red_mask.tif,0ApNec 300-20 1violet_mask.tif,C:\Users\Modern\Desktop\Science stuff from the USB\23-12-2022 Vero on Matrixes\BatchConvert\Masks,C:\Users\Modern\Desktop\Science stuff from the USB\23-12-2022 Vero on Matrixes\BatchConvert\Masks,C:\Users\Modern\Desktop\Science stuff from the USB\23-12-2022 Vero on Matrixes\BatchConvert\Masks,C:\Users\Modern\Desktop\Science stuff from the USB\23-12-2022 Vero on Matrixes\BatchConvert\Masks,1151.923076923077,445.0153846153846,0,7,108
1,8,0ApNec 300-20 1green_mask.tif,0ApNec 300-20 1violet_orig.tif,0ApNec 300-20 1red_mask.tif,0ApNec 300-20 1violet_mask.tif,C:\Users\Modern\Desktop\Science stuff from the USB\23-12-2022 Vero on Matrixes\BatchConvert\Masks,C:\Users\Modern\Desktop\Science stuff from the USB\23-12-2022 Vero on Matrixes\BatchConvert\Masks,C:\Users\Modern\Desktop\Science stuff from the USB\23-12-2022 Vero on Matrixes\BatchConvert\Masks,C:\Users\Modern\Desktop\Science stuff from the USB\23-12-2022 Vero on Matrixes\BatchConvert\Masks,518.3820033955857,620.3616298811545,0,8,153
1,9,0ApNec 300-20 1green_mask.tif,0ApNec 300-20 1violet_orig.tif,0ApNec 300-20 1red_mask.tif,0ApNec 300-20 1violet_mask.tif,C:\Users\Modern\Desktop\Science stuff from the USB\23-12-2022 Vero on Matrixes\BatchConvert\Masks,C:\Users\Modern\Desktop\Science stuff from the USB\23-12-2022 Vero on Matrixes\BatchConvert\Masks,C:\Users\Modern\Desktop\Science stuff from the USB\23-12-2022 Vero on Matrixes\BatchConvert\Masks,C:\Users\Modern\Desktop\Science stuff from the USB\23-12-2022 Vero on Matrixes\BatchConvert\Masks,23.879858657243815,661.1272084805654,0,9,162
1,10,0ApNec 300-20 1green_mask.tif,0ApNec 300-20 1violet_orig.tif,0ApNec 300-20 1red_mask.tif,0ApNec 300-20 1violet_mask.tif,C:\Users\Modern\Desktop\Science stuff from the USB\23-12-2022 Vero on Matrixes\BatchConvert\Masks,C:\Users\Modern\Desktop\Science stuff from the USB\23-12-2022 Vero on Matrixes\BatchConvert\Masks,C:\Users\Modern\Desktop\Science stuff from the USB\23-12-2022 Vero on Matrixes\BatchConvert\Masks,C:\Users\Modern\Desktop\Science stuff from the USB\23-12-2022 Vero on Matrixes\BatchConvert\Masks,36.802836879432625,740.1787234042553,0,10,183
1,11,0ApNec 300-20 1green_mask.tif,0ApNec 300-20 1violet_orig.tif,0ApNec 300-20 1red_mask.tif,0ApNec 300-20 1violet_mask.tif,C:\Users\Modern\Desktop\Science stuff from the USB\23-12-2022 Vero on Matrixes\BatchConvert\Masks,C:\Users\Modern\Desktop\Science stuff from the USB\23-12-2022 Vero on Matrixes\BatchConvert\Masks,C:\Users\Modern\Desktop\Science stuff from the USB\23-12-2022 Vero on Matrixes\BatchConvert\Masks,C:\Users\Modern\Desktop\Science stuff from the USB\23-12-2022 Vero on Matrixes\BatchConvert\Masks,1044.5356037151703,992.969040247678,0,11,257
1,12,0ApNec 300-20 1green_mask.tif,0ApNec 300-20 1violet_orig.tif,0ApNec 300-20 1red_mask.tif,0ApNec 300-20 1violet_mask.tif,C:\Users\Modern\Desktop\Science stuff from the USB\23-12-2022 Vero on Matrixes\BatchConvert\Masks,C:\Users\Modern\Desktop\Science stuff from the USB\23-12-2022 Vero on Matrixes\BatchConvert\Masks,C:\Users\Modern\Desktop\Science stuff from the USB\23-12-2022 Vero on Matrixes\BatchConvert\Masks,C:\Users\Modern\Desktop\Science stuff from the USB\23-12-2022 Vero on Matrixes\BatchConvert\Masks,1702.5360281195078,1875.9267721148212,0,12,473
2,1,10ApNec 300-20 11green_mask.tif,10ApNec 300-20 11violet_orig.tif,10ApNec 300-20 11red_mask.tif,10ApNec 300-20 11violet_mask.tif,C:\Users\Modern\Desktop\Science stuff from the USB\23-12-2022 Vero on Matrixes\BatchConvert\Masks,C:\Users\Modern\Desktop\Science stuff from the USB\23-12-2022 Vero on Matrixes\BatchConvert\Masks,C:\Users\Modern\Desktop\Science stuff from the USB\23-12-2022 Vero on Matrixes\BatchConvert\Masks,C:\Users\Modern\Desktop\Science stuff from the USB\23-12-2022 Vero on Matrixes\BatchConvert\Masks,1412.4725415070243,230.367816091954,0,1,83
2,2,10ApNec 300-20 11green_mask.tif,10ApNec 300-20 11violet_orig.tif,10ApNec 300-20 11red_mask.tif,10ApNec 300-20 11violet_mask.tif,C:\Users\Modern\Desktop\Science stuff from the USB\23-12-2022 Vero on Matrixes\BatchConvert\Masks,C:\Users\Modern\Desktop\Science stuff from the USB\23-12-2022 Vero on Matrixes\BatchConvert\Masks,C:\Users\Modern\Desktop\Science stuff from the USB\23-12-2022 Vero on Matrixes\BatchConvert\Masks,C:\Users\Modern\Desktop\Science stuff from the USB\23-12-2022 Vero on Matrixes\BatchConvert\Masks,1939.846915460777,354.66031987814165,0,2,130
2,3,10ApNec 300-20 11green_mask.tif,10ApNec 300-20 11violet_orig.tif,10ApNec 300-20 11red_mask.tif,10ApNec 300-20 11violet_mask.tif,C:\Users\Modern\Desktop\Science stuff from the USB\23-12-2022 Vero on Matrixes\BatchConvert\Masks,C:\Users\Modern\Desktop\Science stuff from the USB\23-12-2022 Vero on Matrixes\BatchConvert\Masks,C:\Users\Modern\Desktop\Science stuff from the USB\23-12-2022 Vero on Matrixes\BatchConvert\Masks,C:\Users\Modern\Desktop\Science stuff from the USB\23-12-2022 Vero on Matrixes\BatchConvert\Masks,1974.8522139160436,372.3778033352501,0,3,136
2,4,10ApNec 300-20 11green_mask.tif,10ApNec 300-20 11violet_orig.tif,10ApNec 300-20 11red_mask.tif,10ApNec 300-20 11violet_mask.tif,C:\Users\Modern\Desktop\Science stuff from the USB\23-12-2022 Vero on Matrixes\BatchConvert\Masks,C:\Users\Modern\Desktop\Science stuff from the USB\23-12-2022 Vero on Matrixes\BatchConvert\Masks,C:\Users\Modern\Desktop\Science stuff from the USB\23-12-2022 Vero on Matrixes\BatchConvert\Masks,C:\Users\Modern\Desktop\Science stuff from the USB\23-12-2022 Vero on Matrixes\BatchConvert\Masks,686.2898814949863,1132.608933454877,0,4,407
2,5,10ApNec 300-20 11green_mask.tif,10ApNec 300-20 11violet_orig.tif,10ApNec 300-20 11red_mask.tif,10ApNec 300-20 11violet_mask.tif,C:\Users\Modern\Desktop\Science stuff from the USB\23-12-2022 Vero on Matrixes\BatchConvert\Masks,C:\Users\Modern\Desktop\Science stuff from the USB\23-12-2022 Vero on Matrixes\BatchConvert\Masks,C:\Users\Modern\Desktop\Science stuff from the USB\23-12-2022 Vero on Matrixes\BatchConvert\Masks,C:\Users\Modern\Desktop\Science stuff from the USB\23-12-2022 Vero on Matrixes\BatchConvert\Masks,1075.3102012491327,1155.9528105482304,0,5,422
2,6,10ApNec 300-20 11green_mask.tif,10ApNec 300-20 11violet_orig.tif,10ApNec 300-20 11red_mask.tif,10ApNec 300-20 11violet_mask.tif,C:\Users\Modern\Desktop\Science stuff from the USB\23-12-2022 Vero on Matrixes\BatchConvert\Masks,C:\Users\Modern\Desktop\Science stuff from the USB\23-12-2022 Vero on Matrixes\BatchConvert\Masks,C:\Users\Modern\Desktop\Science stuff from the USB\23-12-2022 Vero on Matrixes\BatchConvert\Masks,C:\Users\Modern\Desktop\Science stuff from the USB\23-12-2022 Vero on Matrixes\BatchConvert\Masks,710.5476694915254,1167.301906779661,0,6,426
2,7,10ApNec 300-20 11green_mask.tif,10ApNec 300-20 11violet_orig.tif,10ApNec 300-20 11red_mask.tif,10ApNec 300-20 11violet_mask.tif,C:\Users\Modern\Desktop\Science stuff from the USB\23-12-2022 Vero on Matrixes\BatchConvert\Masks,C:\Users\Modern\Desktop\Science stuff from the USB\23-12-2022 Vero on Matrixes\BatchConvert\Masks,C:\Users\Modern\Desktop\Science stuff from the USB\23-12-2022 Vero on Matrixes\BatchConvert\Masks,C:\Users\Modern\Desktop\Science stuff from the USB\23-12-2022 Vero on Matrixes\BatchConvert\Masks,567.4666110183639,1265.1035058430718,0,7,462
3,1,11ApNec 600-20 1green_mask.tif,11ApNec 600-20 1violet_orig.tif,11ApNec 600-20 1red_mask.tif,11ApNec 600-20 1violet_mask.tif,C:\Users\Modern\Desktop\Science stuff from the USB\23-12-2022 Vero on Matrixes\BatchConvert\Masks,C:\Users\Modern\Desktop\Science stuff from the USB\23-12-2022 Vero on Matrixes\BatchConvert\Masks,C:\Users\Modern\Desktop\Science stuff from the USB\23-12-2022 Vero on Matrixes\BatchConvert\Masks,C:\Users\Modern\Desktop\Science stuff from the USB\23-12-2022 Vero on Matrixes\BatchConvert\Masks,513.684350132626,1210.6949602122015,0,1,822
5,1,13ApNec 600-20 3green_mask.tif,13ApNec 600-20 3violet_orig.tif,13ApNec 600-20 3red_mask.tif,13ApNec 600-20 3violet_mask.tif,C:\Users\Modern\Desktop\Science stuff from the USB\23-12-2022 Vero on Matrixes\BatchConvert\Masks,C:\Users\Modern\Desktop\Science stuff from the USB\23-12-2022 Vero on Matrixes\BatchConvert\Masks,C:\Users\Modern\Desktop\Science stuff from the USB\23-12-2022 Vero on Matrixes\BatchConvert\Masks,C:\Users\Modern\Desktop\Science stuff from the USB\23-12-2022 Vero on Matrixes\BatchConvert\Masks,825.8838383838383,152.49873737373738,0,1,93
5,2,13ApNec 600-20 3green_mask.tif,13ApNec 600-20 3violet_orig.tif,13ApNec 600-20 3red_mask.tif,13ApNec 600-20 3violet_mask.tif,C:\Users\Modern\Desktop\Science stuff from the USB\23-12-2022 Vero on Matrixes\BatchConvert\Masks,C:\Users\Modern\Desktop\Science stuff from the USB\23-12-2022 Vero on Matrixes\BatchConvert\Masks,C:\Users\Modern\Desktop\Science stuff from the USB\23-12-2022 Vero on Matrixes\BatchConvert\Masks,C:\Users\Modern\Desktop\Science stuff from the USB\23-12-2022 Vero on Matrixes\BatchConvert\Masks,884.8433179723502,160.00829493087556,0,2,96
5,3,13ApNec 600-20 3green_mask.tif,13ApNec 600-20 3violet_orig.tif,13ApNec 600-20 3red_mask.tif,13ApNec 600-20 3violet_mask.tif,C:\Users\Modern\Desktop\Science stuff from the USB\23-12-2022 Vero on Matrixes\BatchConvert\Masks,C:\Users\Modern\Desktop\Science stuff from the USB\23-12-2022 Vero on Matrixes\BatchConvert\Masks,C:\Users\Modern\Desktop\Science stuff from the USB\23-12-2022 Vero on Matrixes\BatchConvert\Masks,C:\Users\Modern\Desktop\Science stuff from the USB\23-12-2022 Vero on Matrixes\BatchConvert\Masks,2019.2379367720466,319.3793677204659,0,3,189
5,4,13ApNec 600-20 3green_mask.tif,13ApNec 600-20 3violet_orig.tif,13ApNec 600-20 3red_mask.tif,13ApNec 600-20 3violet_mask.tif,C:\Users\Modern\Desktop\Science stuff from the USB\23-12-2022 Vero on Matrixes\BatchConvert\Masks,C:\Users\Modern\Desktop\Science stuff from the USB\23-12-2022 Vero on Matrixes\BatchConvert\Masks,C:\Users\Modern\Desktop\Science stuff from the USB\23-12-2022 Vero on Matrixes\BatchConvert\Masks,C:\Users\Modern\Desktop\Science stuff from the USB\23-12-2022 Vero on Matrixes\BatchConvert\Masks,1981.7534818941504,537.6827298050139,0,4,300
5,5,13ApNec 600-20 3green_mask.tif,13ApNec 600-20 3violet_orig.tif,13ApNec 600-20 3red_mask.tif,13ApNec 600-20 3violet_mask.tif,C:\Users\Modern\Desktop\Science stuff from the USB\23-12-2022 Vero on Matrixes\BatchConvert\Masks,C:\Users\Modern\Desktop\Science stuff from the USB\23-12-2022 Vero on Matrixes\BatchConvert\Masks,C:\Users\Modern\Desktop\Science stuff from the USB\23-12-2022 Vero on Matrixes\BatchConvert\Masks,C:\Users\Modern\Desktop\Science stuff from the USB\23-12-2022 Vero on Matrixes\BatchConvert\Masks,804.1546961325967,1242.8453038674033,0,5,681
5,6,13ApNec 600-20 3green_mask.tif,13ApNec 600-20 3violet_orig.tif,13ApNec 600-20 3red_mask.tif,13ApNec 600-20 3violet_mask.tif,C:\Users\Modern\Desktop\Science stuff from the USB\23-12-2022 Vero on Matrixes\BatchConvert\Masks,C:\Users\Modern\Desktop\Science stuff from the USB\23-12-2022 Vero on Matrixes\BatchConvert\Masks,C:\Users\Modern\Desktop\Science stuff from the USB\23-12-2022 Vero on Matrixes\BatchConvert\Masks,C:\Users\Modern\Desktop\Science stuff from the USB\23-12-2022 Vero on Matrixes\BatchConvert\Masks,773.5867609254499,1272.8508997429306,0,6,703
7,1,15ApNec 600-20 5green_mask.tif,15ApNec 600-20 5violet_orig.tif,15ApNec 600-20 5red_mask.tif,15ApNec 600-20 5violet_mask.tif,C:\Users\Modern\Desktop\Science stuff from the USB\23-12-2022 Vero on Matrixes\BatchConvert\Masks,C:\Users\Modern\Desktop\Science stuff from the USB\23-12-2022 Vero on Matrixes\BatchConvert\Masks,C:\Users\Modern\Desktop\Science stuff from the USB\23-12-2022 Vero on Matrixes\BatchConvert\Masks,C:\Users\Modern\Desktop\Science stuff from the USB\23-12-2022 Vero on Matrixes\BatchConvert\Masks,1829.775956284153,1796.4460382513662,0,1,1023
8,1,16ApNec 600-20 6green_mask.tif,16ApNec 600-20 6violet_orig.tif,16ApNec 600-20 6red_mask.tif,16ApNec 600-20 6violet_mask.tif,C:\Users\Modern\Desktop\Science stuff from the USB\23-12-2022 Vero on Matrixes\BatchConvert\Masks,C:\Users\Modern\Desktop\Science stuff from the USB\23-12-2022 Vero on Matrixes\BatchConvert\Masks,C:\Users\Modern\Desktop\Science stuff from the USB\23-12-2022 Vero on Matrixes\BatchConvert\Masks,C:\Users\Modern\Desktop\Science stuff from the USB\23-12-2022 Vero on Matrixes\BatchConvert\Masks,328.9539641943734,528.8184143222506,0,1,311
8,2,16ApNec 600-20 6green_mask.tif,16ApNec 600-20 6violet_orig.tif,16ApNec 600-20 6red_mask.tif,16ApNec 600-20 6violet_mask.tif,C:\Users\Modern\Desktop\Science stuff from the USB\23-12-2022 Vero on Matrixes\BatchConvert\Masks,C:\Users\Modern\Desktop\Science stuff from the USB\23-12-2022 Vero on Matrixes\BatchConvert\Masks,C:\Users\Modern\Desktop\Science stuff from the USB\23-12-2022 Vero on Matrixes\BatchConvert\Masks,C:\Users\Modern\Desktop\Science stuff from the USB\23-12-2022 Vero on Matrixes\BatchConvert\Masks,283.2142269736842,527.211759868421,0,2,313
8,3,16ApNec 600-20 6green_mask.tif,16ApNec 600-20 6violet_orig.tif,16ApNec 600-20 6red_mask.tif,16ApNec 600-20 6violet_mask.tif,C:\Users\Modern\Desktop\Science stuff from the USB\23-12-2022 Vero on Matrixes\BatchConvert\Masks,C:\Users\Modern\Desktop\Science stuff from the USB\23-12-2022 Vero on Matrixes\BatchConvert\Masks,C:\Users\Modern\Desktop\Science stuff from the USB\23-12-2022 Vero on Matrixes\BatchConvert\Masks,C:\Users\Modern\Desktop\Science stuff from the USB\23-12-2022 Vero on Matrixes\BatchConvert\Masks,332.5074349442379,558.6635687732341,0,3,329
9,1,17ApNec 600-20 7green_mask.tif,17ApNec 600-20 7violet_orig.tif,17ApNec 600-20 7red_mask.tif,17ApNec 600-20 7violet_mask.tif,C:\Users\Modern\Desktop\Science stuff from the USB\23-12-2022 Vero on Matrixes\BatchConvert\Masks,C:\Users\Modern\Desktop\Science stuff from the USB\23-12-2022 Vero on Matrixes\BatchConvert\Masks,C:\Users\Modern\Desktop\Science stuff from the USB\23-12-2022 Vero on Matrixes\BatchConvert\Masks,C:\Users\Modern\Desktop\Science stuff from the USB\23-12-2022 Vero on Matrixes\BatchConvert\Masks,957.437430786268,112.05869324473976,0,1,54
9,2,17ApNec 600-20 7green_mask.tif,17ApNec 600-20 7violet_orig.tif,17ApNec 600-20 7red_mask.tif,17ApNec 600-20 7violet_mask.tif,C:\Users\Modern\Desktop\Science stuff from the USB\23-12-2022 Vero on Matrixes\BatchConvert\Masks,C:\Users\Modern\Desktop\Science stuff from the USB\23-12-2022 Vero on Matrixes\BatchConvert\Masks,C:\Users\Modern\Desktop\Science stuff from the USB\23-12-2022 Vero on Matrixes\BatchConvert\Masks,C:\Users\Modern\Desktop\Science stuff from the USB\23-12-2022 Vero on Matrixes\BatchConvert\Masks,1776.002718033562,1155.0621602458048,0,2,727
10,1,18ApNec 600-20 8green_mask.tif,18ApNec 600-20 8violet_orig.tif,18ApNec 600-20 8red_mask.tif,18ApNec 600-20 8violet_mask.tif,C:\Users\Modern\Desktop\Science stuff from the USB\23-12-2022 Vero on Matrixes\BatchConvert\Masks,C:\Users\Modern\Desktop\Science stuff from the USB\23-12-2022 Vero on Matrixes\BatchConvert\Masks,C:\Users\Modern\Desktop\Science stuff from the USB\23-12-2022 Vero on Matrixes\BatchConvert\Masks,C:\Users\Modern\Desktop\Science stuff from the USB\23-12-2022 Vero on Matrixes\BatchConvert\Masks,1267.0600858369098,388.4005722460658,0,1,252
10,2,18ApNec 600-20 8green_mask.tif,18ApNec 600-20 8violet_orig.tif,18ApNec 600-20 8red_mask.tif,18ApNec 600-20 8violet_mask.tif,C:\Users\Modern\Desktop\Science stuff from the USB\23-12-2022 Vero on Matrixes\BatchConvert\Masks,C:\Users\Modern\Desktop\Science stuff from the USB\23-12-2022 Vero on Matrixes\BatchConvert\Masks,C:\Users\Modern\Desktop\Science stuff from the USB\23-12-2022 Vero on Matrixes\BatchConvert\Masks,C:\Users\Modern\Desktop\Science stuff from the USB\23-12-2022 Vero on Matrixes\BatchConvert\Masks,1270.7227926078028,412.56468172484597,0,2,267
10,3,18ApNec 600-20 8green_mask.tif,18ApNec 600-20 8violet_orig.tif,18ApNec 600-20 8red_mask.tif,18ApNec 600-20 8violet_mask.tif,C:\Users\Modern\Desktop\Science stuff from the USB\23-12-2022 Vero on Matrixes\BatchConvert\Masks,C:\Users\Modern\Desktop\Science stuff from the USB\23-12-2022 Vero on Matrixes\BatchConvert\Masks,C:\Users\Modern\Desktop\Science stuff from the USB\23-12-2022 Vero on Matrixes\BatchConvert\Masks,C:\Users\Modern\Desktop\Science stuff from the USB\23-12-2022 Vero on Matrixes\BatchConvert\Masks,1270.4510204081632,439.0326530612245,0,3,291
10,4,18ApNec 600-20 8green_mask.tif,18ApNec 600-20 8violet_orig.tif,18ApNec 600-20 8red_mask.tif,18ApNec 600-20 8violet_mask.tif,C:\Users\Modern\Desktop\Science stuff from the USB\23-12-2022 Vero on Matrixes\BatchConvert\Masks,C:\Users\Modern\Desktop\Science stuff from the USB\23-12-2022 Vero on Matrixes\BatchConvert\Masks,C:\Users\Modern\Desktop\Science stuff from the USB\23-12-2022 Vero on Matrixes\BatchConvert\Masks,C:\Users\Modern\Desktop\Science stuff from the USB\23-12-2022 Vero on Matrixes\BatchConvert\Masks,1604.2116040955632,669.2898586055583,0,4,447
10,5,18ApNec 600-20 8green_mask.tif,18ApNec 600-20 8violet_orig.tif,18ApNec 600-20 8red_mask.tif,18ApNec 600-20 8violet_mask.tif,C:\Users\Modern\Desktop\Science stuff from the USB\23-12-2022 Vero on Matrixes\BatchConvert\Masks,C:\Users\Modern\Desktop\Science stuff from the USB\23-12-2022 Vero on Matrixes\BatchConvert\Masks,C:\Users\Modern\Desktop\Science stuff from the USB\23-12-2022 Vero on Matrixes\BatchConvert\Masks,C:\Users\Modern\Desktop\Science stuff from the USB\23-12-2022 Vero on Matrixes\BatchConvert\Masks,1642.7082314588426,702.3031784841075,0,5,480
10,6,18ApNec 600-20 8green_mask.tif,18ApNec 600-20 8violet_orig.tif,18ApNec 600-20 8red_mask.tif,18ApNec 600-20 8violet_mask.tif,C:\Users\Modern\Desktop\Science stuff from the USB\23-12-2022 Vero on Matrixes\BatchConvert\Masks,C:\Users\Modern\Desktop\Science stuff from the USB\23-12-2022 Vero on Matrixes\BatchConvert\Masks,C:\Users\Modern\Desktop\Science stuff from the USB\23-12-2022 Vero on Matrixes\BatchConvert\Masks,C:\Users\Modern\Desktop\Science stuff from the USB\23-12-2022 Vero on Matrixes\BatchConvert\Masks,184.9963963963964,956.8726726726727,0,6,651
10,7,18ApNec 600-20 8green_mask.tif,18ApNec 600-20 8violet_orig.tif,18ApNec 600-20 8red_mask.tif,18ApNec 600-20 8violet_mask.tif,C:\Users\Modern\Desktop\Science stuff from the USB\23-12-2022 Vero on Matrixes\BatchConvert\Masks,C:\Users\Modern\Desktop\Science stuff from the USB\23-12-2022 Vero on Matrixes\BatchConvert\Masks,C:\Users\Modern\Desktop\Science stuff from the USB\23-12-2022 Vero on Matrixes\BatchConvert\Masks,C:\Users\Modern\Desktop\Science stuff from the USB\23-12-2022 Vero on Matrixes\BatchConvert\Masks,161.70011025358323,975.0727673649394,0,7,675
10,8,18ApNec 600-20 8green_mask.tif,18ApNec 600-20 8violet_orig.tif,18ApNec 600-20 8red_mask.tif,18ApNec 600-20 8violet_mask.tif,C:\Users\Modern\Desktop\Science stuff from the USB\23-12-2022 Vero on Matrixes\BatchConvert\Masks,C:\Users\Modern\Desktop\Science stuff from the USB\23-12-2022 Vero on Matrixes\BatchConvert\Masks,C:\Users\Modern\Desktop\Science stuff from the USB\23-12-2022 Vero on Matrixes\BatchConvert\Masks,C:\Users\Modern\Desktop\Science stuff from the USB\23-12-2022 Vero on Matrixes\BatchConvert\Masks,1335.5890580008227,1179.8733031674208,0,8,819
10,9,18ApNec 600-20 8green_mask.tif,18ApNec 600-20 8violet_orig.tif,18ApNec 600-20 8red_mask.tif,18ApNec 600-20 8violet_mask.tif,C:\Users\Modern\Desktop\Science stuff from the USB\23-12-2022 Vero on Matrixes\BatchConvert\Masks,C:\Users\Modern\Desktop\Science stuff from the USB\23-12-2022 Vero on Matrixes\BatchConvert\Masks,C:\Users\Modern\Desktop\Science stuff from the USB\23-12-2022 Vero on Matrixes\BatchConvert\Masks,C:\Users\Modern\Desktop\Science stuff from the USB\23-12-2022 Vero on Matrixes\BatchConvert\Masks,1334.4,1239.6766081871344,0,9,857
10,10,18ApNec 600-20 8green_mask.tif,18ApNec 600-20 8violet_orig.tif,18ApNec 600-20 8red_mask.tif,18ApNec 600-20 8violet_mask.tif,C:\Users\Modern\Desktop\Science stuff from the USB\23-12-2022 Vero on Matrixes\BatchConvert\Masks,C:\Users\Modern\Desktop\Science stuff from the USB\23-12-2022 Vero on Matrixes\BatchConvert\Masks,C:\Users\Modern\Desktop\Science stuff from the USB\23-12-2022 Vero on Matrixes\BatchConvert\Masks,C:\Users\Modern\Desktop\Science stuff from the USB\23-12-2022 Vero on Matrixes\BatchConvert\Masks,1255.1156462585034,1556.1238095238095,0,10,1105
10,11,18ApNec 600-20 8green_mask.tif,18ApNec 600-20 8violet_orig.tif,18ApNec 600-20 8red_mask.tif,18ApNec 600-20 8violet_mask.tif,C:\Users\Modern\Desktop\Science stuff from the USB\23-12-2022 Vero on Matrixes\BatchConvert\Masks,C:\Users\Modern\Desktop\Science stuff from the USB\23-12-2022 Vero on Matrixes\BatchConvert\Masks,C:\Users\Modern\Desktop\Science stuff from the USB\23-12-2022 Vero on Matrixes\BatchConvert\Masks,C:\Users\Modern\Desktop\Science stuff from the USB\23-12-2022 Vero on Matrixes\BatchConvert\Masks,1847.4941768131287,1704.7469560614081,0,11,1213
10,12,18ApNec 600-20 8green_mask.tif,18ApNec 600-20 8violet_orig.tif,18ApNec 600-20 8red_mask.tif,18ApNec 600-20 8violet_mask.tif,C:\Users\Modern\Desktop\Science stuff from the USB\23-12-2022 Vero on Matrixes\BatchConvert\Masks,C:\Users\Modern\Desktop\Science stuff from the USB\23-12-2022 Vero on Matrixes\BatchConvert\Masks,C:\Users\Modern\Desktop\Science stuff from the USB\23-12-2022 Vero on Matrixes\BatchConvert\Masks,C:\Users\Modern\Desktop\Science stuff from the USB\23-12-2022 Vero on Matrixes\BatchConvert\Masks,800.5771929824562,1751.1368421052632,0,12,1236
10,13,18ApNec 600-20 8green_mask.tif,18ApNec 600-20 8violet_orig.tif,18ApNec 600-20 8red_mask.tif,18ApNec 600-20 8violet_mask.tif,C:\Users\Modern\Desktop\Science stuff from the USB\23-12-2022 Vero on Matrixes\BatchConvert\Masks,C:\Users\Modern\Desktop\Science stuff from the USB\23-12-2022 Vero on Matrixes\BatchConvert\Masks,C:\Users\Modern\Desktop\Science stuff from the USB\23-12-2022 Vero on Matrixes\BatchConvert\Masks,C:\Users\Modern\Desktop\Science stuff from the USB\23-12-2022 Vero on Matrixes\BatchConvert\Masks,775.1632462686567,1788.80223880597,0,13,1262
10,14,18ApNec 600-20 8green_mask.tif,18ApNec 600-20 8violet_orig.tif,18ApNec 600-20 8red_mask.tif,18ApNec 600-20 8violet_mask.tif,C:\Users\Modern\Desktop\Science stuff from the USB\23-12-2022 Vero on Matrixes\BatchConvert\Masks,C:\Users\Modern\Desktop\Science stuff from the USB\23-12-2022 Vero on Matrixes\BatchConvert\Masks,C:\Users\Modern\Desktop\Science stuff from the USB\23-12-2022 Vero on Matrixes\BatchConvert\Masks,C:\Users\Modern\Desktop\Science stuff from the USB\23-12-2022 Vero on Matrixes\BatchConvert\Masks,802.7538860103627,1785.5725388601036,0,14,1263
10,15,18ApNec 600-20 8green_mask.tif,18ApNec 600-20 8violet_orig.tif,18ApNec 600-20 8red_mask.tif,18ApNec 600-20 8violet_mask.tif,C:\Users\Modern\Desktop\Science stuff from the USB\23-12-2022 Vero on Matrixes\BatchConvert\Masks,C:\Users\Modern\Desktop\Science stuff from the USB\23-12-2022 Vero on Matrixes\BatchConvert\Masks,C:\Users\Modern\Desktop\Science stuff from the USB\23-12-2022 Vero on Matrixes\BatchConvert\Masks,C:\Users\Modern\Desktop\Science stuff from the USB\23-12-2022 Vero on Matrixes\BatchConvert\Masks,1612.7378854625551,1856.9943360604154,0,15,1312
10,16,18ApNec 600-20 8green_mask.tif,18ApNec 600-20 8violet_orig.tif,18ApNec 600-20 8red_mask.tif,18ApNec 600-20 8violet_mask.tif,C:\Users\Modern\Desktop\Science stuff from the USB\23-12-2022 Vero on Matrixes\BatchConvert\Masks,C:\Users\Modern\Desktop\Science stuff from the USB\23-12-2022 Vero on Matrixes\BatchConvert\Masks,C:\Users\Modern\Desktop\Science stuff from the USB\23-12-2022 Vero on Matrixes\BatchConvert\Masks,C:\Users\Modern\Desktop\Science stuff from the USB\23-12-2022 Vero on Matrixes\BatchConvert\Masks,360.3374805598756,1911.275272161742,0,16,1348
10,17,18ApNec 600-20 8green_mask.tif,18ApNec 600-20 8violet_orig.tif,18ApNec 600-20 8red_mask.tif,18ApNec 600-20 8violet_mask.tif,C:\Users\Modern\Desktop\Science stuff from the USB\23-12-2022 Vero on Matrixes\BatchConvert\Masks,C:\Users\Modern\Desktop\Science stuff from the USB\23-12-2022 Vero on Matrixes\BatchConvert\Masks,C:\Users\Modern\Desktop\Science stuff from the USB\23-12-2022 Vero on Matrixes\BatchConvert\Masks,C:\Users\Modern\Desktop\Science stuff from the USB\23-12-2022 Vero on Matrixes\BatchConvert\Masks,381.7722007722008,1931.180694980695,0,17,1358
11,1,19ApNec 600-20 9green_mask.tif,19ApNec 600-20 9violet_orig.tif,19ApNec 600-20 9red_mask.tif,19ApNec 600-20 9violet_mask.tif,C:\Users\Modern\Desktop\Science stuff from the USB\23-12-2022 Vero on Matrixes\BatchConvert\Masks,C:\Users\Modern\Desktop\Science stuff from the USB\23-12-2022 Vero on Matrixes\BatchConvert\Masks,C:\Users\Modern\Desktop\Science stuff from the USB\23-12-2022 Vero on Matrixes\BatchConvert\Masks,C:\Users\Modern\Desktop\Science stuff from the USB\23-12-2022 Vero on Matrixes\BatchConvert\Masks,1072.9697286012527,182.9269311064718,0,1,129
11,2,19ApNec 600-20 9green_mask.tif,19ApNec 600-20 9violet_orig.tif,19ApNec 600-20 9red_mask.tif,19ApNec 600-20 9violet_mask.tif,C:\Users\Modern\Desktop\Science stuff from the USB\23-12-2022 Vero on Matrixes\BatchConvert\Masks,C:\Users\Modern\Desktop\Science stuff from the USB\23-12-2022 Vero on Matrixes\BatchConvert\Masks,C:\Users\Modern\Desktop\Science stuff from the USB\23-12-2022 Vero on Matrixes\BatchConvert\Masks,C:\Users\Modern\Desktop\Science stuff from the USB\23-12-2022 Vero on Matrixes\BatchConvert\Masks,1099.682892906815,197.00208623087622,0,2,143
11,3,19ApNec 600-20 9green_mask.tif,19ApNec 600-20 9violet_orig.tif,19ApNec 600-20 9red_mask.tif,19ApNec 600-20 9violet_mask.tif,C:\Users\Modern\Desktop\Science stuff from the USB\23-12-2022 Vero on Matrixes\BatchConvert\Masks,C:\Users\Modern\Desktop\Science stuff from the USB\23-12-2022 Vero on Matrixes\BatchConvert\Masks,C:\Users\Modern\Desktop\Science stuff from the USB\23-12-2022 Vero on Matrixes\BatchConvert\Masks,C:\Users\Modern\Desktop\Science stuff from the USB\23-12-2022 Vero on Matrixes\BatchConvert\Masks,2006.0848799126638,529.393558951965,0,3,360
11,4,19ApNec 600-20 9green_mask.tif,19ApNec 600-20 9violet_orig.tif,19ApNec 600-20 9red_mask.tif,19ApNec 600-20 9violet_mask.tif,C:\Users\Modern\Desktop\Science stuff from the USB\23-12-2022 Vero on Matrixes\BatchConvert\Masks,C:\Users\Modern\Desktop\Science stuff from the USB\23-12-2022 Vero on Matrixes\BatchConvert\Masks,C:\Users\Modern\Desktop\Science stuff from the USB\23-12-2022 Vero on Matrixes\BatchConvert\Masks,C:\Users\Modern\Desktop\Science stuff from the USB\23-12-2022 Vero on Matrixes\BatchConvert\Masks,2032.003194888179,583.482428115016,0,4,414
11,5,19ApNec 600-20 9green_mask.tif,19ApNec 600-20 9violet_orig.tif,19ApNec 600-20 9red_mask.tif,19ApNec 600-20 9violet_mask.tif,C:\Users\Modern\Desktop\Science stuff from the USB\23-12-2022 Vero on Matrixes\BatchConvert\Masks,C:\Users\Modern\Desktop\Science stuff from the USB\23-12-2022 Vero on Matrixes\BatchConvert\Masks,C:\Users\Modern\Desktop\Science stuff from the USB\23-12-2022 Vero on Matrixes\BatchConvert\Masks,C:\Users\Modern\Desktop\Science stuff from the USB\23-12-2022 Vero on Matrixes\BatchConvert\Masks,1862.7745098039215,596.1895424836601,0,5,424
11,6,19ApNec 600-20 9green_mask.tif,19ApNec 600-20 9violet_orig.tif,19ApNec 600-20 9red_mask.tif,19ApNec 600-20 9violet_mask.tif,C:\Users\Modern\Desktop\Science stuff from the USB\23-12-2022 Vero on Matrixes\BatchConvert\Masks,C:\Users\Modern\Desktop\Science stuff from the USB\23-12-2022 Vero on Matrixes\BatchConvert\Masks,C:\Users\Modern\Desktop\Science stuff from the USB\23-12-2022 Vero on Matrixes\BatchConvert\Masks,C:\Users\Modern\Desktop\Science stuff from the USB\23-12-2022 Vero on Matrixes\BatchConvert\Masks,1628.5021186440679,1131.9385593220338,0,6,822
11,7,19ApNec 600-20 9green_mask.tif,19ApNec 600-20 9violet_orig.tif,19ApNec 600-20 9red_mask.tif,19ApNec 600-20 9violet_mask.tif,C:\Users\Modern\Desktop\Science stuff from the USB\23-12-2022 Vero on Matrixes\BatchConvert\Masks,C:\Users\Modern\Desktop\Science stuff from the USB\23-12-2022 Vero on Matrixes\BatchConvert\Masks,C:\Users\Modern\Desktop\Science stuff from the USB\23-12-2022 Vero on Matrixes\BatchConvert\Masks,C:\Users\Modern\Desktop\Science stuff from the USB\23-12-2022 Vero on Matrixes\BatchConvert\Masks,1638.431906614786,1151.8832684824902,0,7,843
11,8,19ApNec 600-20 9green_mask.tif,19ApNec 600-20 9violet_orig.tif,19ApNec 600-20 9red_mask.tif,19ApNec 600-20 9violet_mask.tif,C:\Users\Modern\Desktop\Science stuff from the USB\23-12-2022 Vero on Matrixes\BatchConvert\Masks,C:\Users\Modern\Desktop\Science stuff from the USB\23-12-2022 Vero on Matrixes\BatchConvert\Masks,C:\Users\Modern\Desktop\Science stuff from the USB\23-12-2022 Vero on Matrixes\BatchConvert\Masks,C:\Users\Modern\Desktop\Science stuff from the USB\23-12-2022 Vero on Matrixes\BatchConvert\Masks,1644.3470394736842,1201.3174342105262,0,8,887
11,9,19ApNec 600-20 9green_mask.tif,19ApNec 600-20 9violet_orig.tif,19ApNec 600-20 9red_mask.tif,19ApNec 600-20 9violet_mask.tif,C:\Users\Modern\Desktop\Science stuff from the USB\23-12-2022 Vero on Matrixes\BatchConvert\Masks,C:\Users\Modern\Desktop\Science stuff from the USB\23-12-2022 Vero on Matrixes\BatchConvert\Masks,C:\Users\Modern\Desktop\Science stuff from the USB\23-12-2022 Vero on Matrixes\BatchConvert\Masks,C:\Users\Modern\Desktop\Science stuff from the USB\23-12-2022 Vero on Matrixes\BatchConvert\Masks,535.1262376237623,1223.7185289957567,0,9,892
12,1,1ApNec 300-20 2green_mask.tif,1ApNec 300-20 2violet_orig.tif,1ApNec 300-20 2red_mask.tif,1ApNec 300-20 2violet_mask.tif,C:\Users\Modern\Desktop\Science stuff from the USB\23-12-2022 Vero on Matrixes\BatchConvert\Masks,C:\Users\Modern\Desktop\Science stuff from the USB\23-12-2022 Vero on Matrixes\BatchConvert\Masks,C:\Users\Modern\Desktop\Science stuff from the USB\23-12-2022 Vero on Matrixes\BatchConvert\Masks,C:\Users\Modern\Desktop\Science stuff from the USB\23-12-2022 Vero on Matrixes\BatchConvert\Masks,251.70140845070424,619.1183098591549,0,1,162
12,2,1ApNec 300-20 2green_mask.tif,1ApNec 300-20 2violet_orig.tif,1ApNec 300-20 2red_mask.tif,1ApNec 300-20 2violet_mask.tif,C:\Users\Modern\Desktop\Science stuff from the USB\23-12-2022 Vero on Matrixes\BatchConvert\Masks,C:\Users\Modern\Desktop\Science stuff from the USB\23-12-2022 Vero on Matrixes\BatchConvert\Masks,C:\Users\Modern\Desktop\Science stuff from the USB\23-12-2022 Vero on Matrixes\BatchConvert\Masks,C:\Users\Modern\Desktop\Science stuff from the USB\23-12-2022 Vero on Matrixes\BatchConvert\Masks,768.6821533923304,1212.7300884955753,0,2,379
12,3,1ApNec 300-20 2green_mask.tif,1ApNec 300-20 2violet_orig.tif,1ApNec 300-20 2red_mask.tif,1ApNec 300-20 2violet_mask.tif,C:\Users\Modern\Desktop\Science stuff from the USB\23-12-2022 Vero on Matrixes\BatchConvert\Masks,C:\Users\Modern\Desktop\Science stuff from the USB\23-12-2022 Vero on Matrixes\BatchConvert\Masks,C:\Users\Modern\Desktop\Science stuff from the USB\23-12-2022 Vero on Matrixes\BatchConvert\Masks,C:\Users\Modern\Desktop\Science stuff from the USB\23-12-2022 Vero on Matrixes\BatchConvert\Masks,761.0808909730364,1245.2966002344665,0,3,391
13,1,20ApNec 600-20 10green_mask.tif,20ApNec 600-20 10violet_orig.tif,20ApNec 600-20 10red_mask.tif,20ApNec 600-20 10violet_mask.tif,C:\Users\Modern\Desktop\Science stuff from the USB\23-12-2022 Vero on Matrixes\BatchConvert\Masks,C:\Users\Modern\Desktop\Science stuff from the USB\23-12-2022 Vero on Matrixes\BatchConvert\Masks,C:\Users\Modern\Desktop\Science stuff from the USB\23-12-2022 Vero on Matrixes\BatchConvert\Masks,C:\Users\Modern\Desktop\Science stuff from the USB\23-12-2022 Vero on Matrixes\BatchConvert\Masks,1566.1589846359386,46.69873079492318,0,1,12
13,2,20ApNec 600-20 10green_mask.tif,20ApNec 600-20 10violet_orig.tif,20ApNec 600-20 10red_mask.tif,20ApNec 600-20 10violet_mask.tif,C:\Users\Modern\Desktop\Science stuff from the USB\23-12-2022 Vero on Matrixes\BatchConvert\Masks,C:\Users\Modern\Desktop\Science stuff from the USB\23-12-2022 Vero on Matrixes\BatchConvert\Masks,C:\Users\Modern\Desktop\Science stuff from the USB\23-12-2022 Vero on Matrixes\BatchConvert\Masks,C:\Users\Modern\Desktop\Science stuff from the USB\23-12-2022 Vero on Matrixes\BatchConvert\Masks,1306.4007352941176,1052.6875,0,2,704
13,3,20ApNec 600-20 10green_mask.tif,20ApNec 600-20 10violet_orig.tif,20ApNec 600-20 10red_mask.tif,20ApNec 600-20 10violet_mask.tif,C:\Users\Modern\Desktop\Science stuff from the USB\23-12-2022 Vero on Matrixes\BatchConvert\Masks,C:\Users\Modern\Desktop\Science stuff from the USB\23-12-2022 Vero on Matrixes\BatchConvert\Masks,C:\Users\Modern\Desktop\Science stuff from the USB\23-12-2022 Vero on Matrixes\BatchConvert\Masks,C:\Users\Modern\Desktop\Science stuff from the USB\23-12-2022 Vero on Matrixes\BatchConvert\Masks,1347.784140969163,1052.1969792322216,0,3,705
13,4,20ApNec 600-20 10green_mask.tif,20ApNec 600-20 10violet_orig.tif,20ApNec 600-20 10red_mask.tif,20ApNec 600-20 10violet_mask.tif,C:\Users\Modern\Desktop\Science stuff from the USB\23-12-2022 Vero on Matrixes\BatchConvert\Masks,C:\Users\Modern\Desktop\Science stuff from the USB\23-12-2022 Vero on Matrixes\BatchConvert\Masks,C:\Users\Modern\Desktop\Science stuff from the USB\23-12-2022 Vero on Matrixes\BatchConvert\Masks,C:\Users\Modern\Desktop\Science stuff from the USB\23-12-2022 Vero on Matrixes\BatchConvert\Masks,1325.2627388535032,1071.5557324840765,0,4,722
13,5,20ApNec 600-20 10green_mask.tif,20ApNec 600-20 10violet_orig.tif,20ApNec 600-20 10red_mask.tif,20ApNec 600-20 10violet_mask.tif,C:\Users\Modern\Desktop\Science stuff from the USB\23-12-2022 Vero on Matrixes\BatchConvert\Masks,C:\Users\Modern\Desktop\Science stuff from the USB\23-12-2022 Vero on Matrixes\BatchConvert\Masks,C:\Users\Modern\Desktop\Science stuff from the USB\23-12-2022 Vero on Matrixes\BatchConvert\Masks,C:\Users\Modern\Desktop\Science stuff from the USB\23-12-2022 Vero on Matrixes\BatchConvert\Masks,1278.0,1074.602787456446,0,5,724
13,6,20ApNec 600-20 10green_mask.tif,20ApNec 600-20 10violet_orig.tif,20ApNec 600-20 10red_mask.tif,20ApNec 600-20 10violet_mask.tif,C:\Users\Modern\Desktop\Science stuff from the USB\23-12-2022 Vero on Matrixes\BatchConvert\Masks,C:\Users\Modern\Desktop\Science stuff from the USB\23-12-2022 Vero on Matrixes\BatchConvert\Masks,C:\Users\Modern\Desktop\Science stuff from the USB\23-12-2022 Vero on Matrixes\BatchConvert\Masks,C:\Users\Modern\Desktop\Science stuff from the USB\23-12-2022 Vero on Matrixes\BatchConvert\Masks,1303.5411985018727,1079.629213483146,0,6,727
13,7,20ApNec 600-20 10green_mask.tif,20ApNec 600-20 10violet_orig.tif,20ApNec 600-20 10red_mask.tif,20ApNec 600-20 10violet_mask.tif,C:\Users\Modern\Desktop\Science stuff from the USB\23-12-2022 Vero on Matrixes\BatchConvert\Masks,C:\Users\Modern\Desktop\Science stuff from the USB\23-12-2022 Vero on Matrixes\BatchConvert\Masks,C:\Users\Modern\Desktop\Science stuff from the USB\23-12-2022 Vero on Matrixes\BatchConvert\Masks,C:\Users\Modern\Desktop\Science stuff from the USB\23-12-2022 Vero on Matrixes\BatchConvert\Masks,758.4329608938548,1265.8994413407822,0,7,869
13,8,20ApNec 600-20 10green_mask.tif,20ApNec 600-20 10violet_orig.tif,20ApNec 600-20 10red_mask.tif,20ApNec 600-20 10violet_mask.tif,C:\Users\Modern\Desktop\Science stuff from the USB\23-12-2022 Vero on Matrixes\BatchConvert\Masks,C:\Users\Modern\Desktop\Science stuff from the USB\23-12-2022 Vero on Matrixes\BatchConvert\Masks,C:\Users\Modern\Desktop\Science stuff from the USB\23-12-2022 Vero on Matrixes\BatchConvert\Masks,C:\Users\Modern\Desktop\Science stuff from the USB\23-12-2022 Vero on Matrixes\BatchConvert\Masks,882.3731343283582,1397.717331708803,0,8,961
13,9,20ApNec 600-20 10green_mask.tif,20ApNec 600-20 10violet_orig.tif,20ApNec 600-20 10red_mask.tif,20ApNec 600-20 10violet_mask.tif,C:\Users\Modern\Desktop\Science stuff from the USB\23-12-2022 Vero on Matrixes\BatchConvert\Masks,C:\Users\Modern\Desktop\Science stuff from the USB\23-12-2022 Vero on Matrixes\BatchConvert\Masks,C:\Users\Modern\Desktop\Science stuff from the USB\23-12-2022 Vero on Matrixes\BatchConvert\Masks,C:\Users\Modern\Desktop\Science stuff from the USB\23-12-2022 Vero on Matrixes\BatchConvert\Masks,687.2158071748879,1806.604260089686,0,9,1247
14,1,21ApNec 600-20 11green_mask.tif,21ApNec 600-20 11violet_orig.tif,21ApNec 600-20 11red_mask.tif,21ApNec 600-20 11violet_mask.tif,C:\Users\Modern\Desktop\Science stuff from the USB\23-12-2022 Vero on Matrixes\BatchConvert\Masks,C:\Users\Modern\Desktop\Science stuff from the USB\23-12-2022 Vero on Matrixes\BatchConvert\Masks,C:\Users\Modern\Desktop\Science stuff from the USB\23-12-2022 Vero on Matrixes\BatchConvert\Masks,C:\Users\Modern\Desktop\Science stuff from the USB\23-12-2022 Vero on Matrixes\BatchConvert\Masks,1010.4328249818445,1075.0392156862745,0,1,669
14,2,21ApNec 600-20 11green_mask.tif,21ApNec 600-20 11violet_orig.tif,21ApNec 600-20 11red_mask.tif,21ApNec 600-20 11violet_mask.tif,C:\Users\Modern\Desktop\Science stuff from the USB\23-12-2022 Vero on Matrixes\BatchConvert\Masks,C:\Users\Modern\Desktop\Science stuff from the USB\23-12-2022 Vero on Matrixes\BatchConvert\Masks,C:\Users\Modern\Desktop\Science stuff from the USB\23-12-2022 Vero on Matrixes\BatchConvert\Masks,C:\Users\Modern\Desktop\Science stuff from the USB\23-12-2022 Vero on Matrixes\BatchConvert\Masks,1056.8926553672316,1086.3422114608554,0,2,678
14,3,21ApNec 600-20 11green_mask.tif,21ApNec 600-20 11violet_orig.tif,21ApNec 600-20 11red_mask.tif,21ApNec 600-20 11violet_mask.tif,C:\Users\Modern\Desktop\Science stuff from the USB\23-12-2022 Vero on Matrixes\BatchConvert\Masks,C:\Users\Modern\Desktop\Science stuff from the USB\23-12-2022 Vero on Matrixes\BatchConvert\Masks,C:\Users\Modern\Desktop\Science stuff from the USB\23-12-2022 Vero on Matrixes\BatchConvert\Masks,C:\Users\Modern\Desktop\Science stuff from the USB\23-12-2022 Vero on Matrixes\BatchConvert\Masks,1011.4433617539586,1114.6126674786844,0,3,698
16,1,2ApNec 300-20 3green_mask.tif,2ApNec 300-20 3violet_orig.tif,2ApNec 300-20 3red_mask.tif,2ApNec 300-20 3violet_mask.tif,C:\Users\Modern\Desktop\Science stuff from the USB\23-12-2022 Vero on Matrixes\BatchConvert\Masks,C:\Users\Modern\Desktop\Science stuff from the USB\23-12-2022 Vero on Matrixes\BatchConvert\Masks,C:\Users\Modern\Desktop\Science stuff from the USB\23-12-2022 Vero on Matrixes\BatchConvert\Masks,C:\Users\Modern\Desktop\Science stuff from the USB\23-12-2022 Vero on Matrixes\BatchConvert\Masks,1376.889237199582,275.62852664576803,0,1,97
16,2,2ApNec 300-20 3green_mask.tif,2ApNec 300-20 3violet_orig.tif,2ApNec 300-20 3red_mask.tif,2ApNec 300-20 3violet_mask.tif,C:\Users\Modern\Desktop\Science stuff from the USB\23-12-2022 Vero on Matrixes\BatchConvert\Masks,C:\Users\Modern\Desktop\Science stuff from the USB\23-12-2022 Vero on Matrixes\BatchConvert\Masks,C:\Users\Modern\Desktop\Science stuff from the USB\23-12-2022 Vero on Matrixes\BatchConvert\Masks,C:\Users\Modern\Desktop\Science stuff from the USB\23-12-2022 Vero on Matrixes\BatchConvert\Masks,1983.2703062583223,327.11318242343543,0,2,115
16,3,2ApNec 300-20 3green_mask.tif,2ApNec 300-20 3violet_orig.tif,2ApNec 300-20 3red_mask.tif,2ApNec 300-20 3violet_mask.tif,C:\Users\Modern\Desktop\Science stuff from the USB\23-12-2022 Vero on Matrixes\BatchConvert\Masks,C:\Users\Modern\Desktop\Science stuff from the USB\23-12-2022 Vero on Matrixes\BatchConvert\Masks,C:\Users\Modern\Desktop\Science stuff from the USB\23-12-2022 Vero on Matrixes\BatchConvert\Masks,C:\Users\Modern\Desktop\Science stuff from the USB\23-12-2022 Vero on Matrixes\BatchConvert\Masks,1927.5860927152319,519.3278145695364,0,3,216
16,4,2ApNec 300-20 3green_mask.tif,2ApNec 300-20 3violet_orig.tif,2ApNec 300-20 3red_mask.tif,2ApNec 300-20 3violet_mask.tif,C:\Users\Modern\Desktop\Science stuff from the USB\23-12-2022 Vero on Matrixes\BatchConvert\Masks,C:\Users\Modern\Desktop\Science stuff from the USB\23-12-2022 Vero on Matrixes\BatchConvert\Masks,C:\Users\Modern\Desktop\Science stuff from the USB\23-12-2022 Vero on Matrixes\BatchConvert\Masks,C:\Users\Modern\Desktop\Science stuff from the USB\23-12-2022 Vero on Matrixes\BatchConvert\Masks,1944.874213836478,527.2169811320755,0,4,219
16,5,2ApNec 300-20 3green_mask.tif,2ApNec 300-20 3violet_orig.tif,2ApNec 300-20 3red_mask.tif,2ApNec 300-20 3violet_mask.tif,C:\Users\Modern\Desktop\Science stuff from the USB\23-12-2022 Vero on Matrixes\BatchConvert\Masks,C:\Users\Modern\Desktop\Science stuff from the USB\23-12-2022 Vero on Matrixes\BatchConvert\Masks,C:\Users\Modern\Desktop\Science stuff from the USB\23-12-2022 Vero on Matrixes\BatchConvert\Masks,C:\Users\Modern\Desktop\Science stuff from the USB\23-12-2022 Vero on Matrixes\BatchConvert\Masks,1260.1161473087818,530.7535410764873,0,5,220
16,6,2ApNec 300-20 3green_mask.tif,2ApNec 300-20 3violet_orig.tif,2ApNec 300-20 3red_mask.tif,2ApNec 300-20 3violet_mask.tif,C:\Users\Modern\Desktop\Science stuff from the USB\23-12-2022 Vero on Matrixes\BatchConvert\Masks,C:\Users\Modern\Desktop\Science stuff from the USB\23-12-2022 Vero on Matrixes\BatchConvert\Masks,C:\Users\Modern\Desktop\Science stuff from the USB\23-12-2022 Vero on Matrixes\BatchConvert\Masks,C:\Users\Modern\Desktop\Science stuff from the USB\23-12-2022 Vero on Matrixes\BatchConvert\Masks,1917.7560073937154,535.5341959334565,0,6,221
17,1,3ApNec 300-20 4green_mask.tif,3ApNec 300-20 4violet_orig.tif,3ApNec 300-20 4red_mask.tif,3ApNec 300-20 4violet_mask.tif,C:\Users\Modern\Desktop\Science stuff from the USB\23-12-2022 Vero on Matrixes\BatchConvert\Masks,C:\Users\Modern\Desktop\Science stuff from the USB\23-12-2022 Vero on Matrixes\BatchConvert\Masks,C:\Users\Modern\Desktop\Science stuff from the USB\23-12-2022 Vero on Matrixes\BatchConvert\Masks,C:\Users\Modern\Desktop\Science stuff from the USB\23-12-2022 Vero on Matrixes\BatchConvert\Masks,543.1965811965812,21.432692307692307,0,1,1
17,2,3ApNec 300-20 4green_mask.tif,3ApNec 300-20 4violet_orig.tif,3ApNec 300-20 4red_mask.tif,3ApNec 300-20 4violet_mask.tif,C:\Users\Modern\Desktop\Science stuff from the USB\23-12-2022 Vero on Matrixes\BatchConvert\Masks,C:\Users\Modern\Desktop\Science stuff from the USB\23-12-2022 Vero on Matrixes\BatchConvert\Masks,C:\Users\Modern\Desktop\Science stuff from the USB\23-12-2022 Vero on Matrixes\BatchConvert\Masks,C:\Users\Modern\Desktop\Science stuff from the USB\23-12-2022 Vero on Matrixes\BatchConvert\Masks,1210.8245804006497,1518.0877097996752,0,2,576
17,3,3ApNec 300-20 4green_mask.tif,3ApNec 300-20 4violet_orig.tif,3ApNec 300-20 4red_mask.tif,3ApNec 300-20 4violet_mask.tif,C:\Users\Modern\Desktop\Science stuff from the USB\23-12-2022 Vero on Matrixes\BatchConvert\Masks,C:\Users\Modern\Desktop\Science stuff from the USB\23-12-2022 Vero on Matrixes\BatchConvert\Masks,C:\Users\Modern\Desktop\Science stuff from the USB\23-12-2022 Vero on Matrixes\BatchConvert\Masks,C:\Users\Modern\Desktop\Science stuff from the USB\23-12-2022 Vero on Matrixes\BatchConvert\Masks,1274.7259100642398,1623.6616702355461,0,3,618
17,4,3ApNec 300-20 4green_mask.tif,3ApNec 300-20 4violet_orig.tif,3ApNec 300-20 4red_mask.tif,3ApNec 300-20 4violet_mask.tif,C:\Users\Modern\Desktop\Science stuff from the USB\23-12-2022 Vero on Matrixes\BatchConvert\Masks,C:\Users\Modern\Desktop\Science stuff from the USB\23-12-2022 Vero on Matrixes\BatchConvert\Masks,C:\Users\Modern\Desktop\Science stuff from the USB\23-12-2022 Vero on Matrixes\BatchConvert\Masks,C:\Users\Modern\Desktop\Science stuff from the USB\23-12-2022 Vero on Matrixes\BatchConvert\Masks,1289.1705607476636,1635.214953271028,0,4,624
18,1,4ApNec 300-20 5green_mask.tif,4ApNec 300-20 5violet_orig.tif,4ApNec 300-20 5red_mask.tif,4ApNec 300-20 5violet_mask.tif,C:\Users\Modern\Desktop\Science stuff from the USB\23-12-2022 Vero on Matrixes\BatchConvert\Masks,C:\Users\Modern\Desktop\Science stuff from the USB\23-12-2022 Vero on Matrixes\BatchConvert\Masks,C:\Users\Modern\Desktop\Science stuff from the USB\23-12-2022 Vero on Matrixes\BatchConvert\Masks,C:\Users\Modern\Desktop\Science stuff from the USB\23-12-2022 Vero on Matrixes\BatchConvert\Masks,1996.0478436657681,68.95080862533693,0,1,24
18,2,4ApNec 300-20 5green_mask.tif,4ApNec 300-20 5violet_orig.tif,4ApNec 300-20 5red_mask.tif,4ApNec 300-20 5violet_mask.tif,C:\Users\Modern\Desktop\Science stuff from the USB\23-12-2022 Vero on Matrixes\BatchConvert\Masks,C:\Users\Modern\Desktop\Science stuff from the USB\23-12-2022 Vero on Matrixes\BatchConvert\Masks,C:\Users\Modern\Desktop\Science stuff from the USB\23-12-2022 Vero on Matrixes\BatchConvert\Masks,C:\Users\Modern\Desktop\Science stuff from the USB\23-12-2022 Vero on Matrixes\BatchConvert\Masks,1130.4468580294802,335.8479441427463,0,2,118
18,3,4ApNec 300-20 5green_mask.tif,4ApNec 300-20 5violet_orig.tif,4ApNec 300-20 5red_mask.tif,4ApNec 300-20 5violet_mask.tif,C:\Users\Modern\Desktop\Science stuff from the USB\23-12-2022 Vero on Matrixes\BatchConvert\Masks,C:\Users\Modern\Desktop\Science stuff from the USB\23-12-2022 Vero on Matrixes\BatchConvert\Masks,C:\Users\Modern\Desktop\Science stuff from the USB\23-12-2022 Vero on Matrixes\BatchConvert\Masks,C:\Users\Modern\Desktop\Science stuff from the USB\23-12-2022 Vero on Matrixes\BatchConvert\Masks,2022.4728752260398,447.9005424954792,0,3,160
18,4,4ApNec 300-20 5green_mask.tif,4ApNec 300-20 5violet_orig.tif,4ApNec 300-20 5red_mask.tif,4ApNec 300-20 5violet_mask.tif,C:\Users\Modern\Desktop\Science stuff from the USB\23-12-2022 Vero on Matrixes\BatchConvert\Masks,C:\Users\Modern\Desktop\Science stuff from the USB\23-12-2022 Vero on Matrixes\BatchConvert\Masks,C:\Users\Modern\Desktop\Science stuff from the USB\23-12-2022 Vero on Matrixes\BatchConvert\Masks,C:\Users\Modern\Desktop\Science stuff from the USB\23-12-2022 Vero on Matrixes\BatchConvert\Masks,1846.3416435826407,579.6989843028624,0,4,214
18,5,4ApNec 300-20 5green_mask.tif,4ApNec 300-20 5violet_orig.tif,4ApNec 300-20 5red_mask.tif,4ApNec 300-20 5violet_mask.tif,C:\Users\Modern\Desktop\Science stuff from the USB\23-12-2022 Vero on Matrixes\BatchConvert\Masks,C:\Users\Modern\Desktop\Science stuff from the USB\23-12-2022 Vero on Matrixes\BatchConvert\Masks,C:\Users\Modern\Desktop\Science stuff from the USB\23-12-2022 Vero on Matrixes\BatchConvert\Masks,C:\Users\Modern\Desktop\Science stuff from the USB\23-12-2022 Vero on Matrixes\BatchConvert\Masks,1813.2908163265306,587.3086734693877,0,5,216
18,6,4ApNec 300-20 5green_mask.tif,4ApNec 300-20 5violet_orig.tif,4ApNec 300-20 5red_mask.tif,4ApNec 300-20 5violet_mask.tif,C:\Users\Modern\Desktop\Science stuff from the USB\23-12-2022 Vero on Matrixes\BatchConvert\Masks,C:\Users\Modern\Desktop\Science stuff from the USB\23-12-2022 Vero on Matrixes\BatchConvert\Masks,C:\Users\Modern\Desktop\Science stuff from the USB\23-12-2022 Vero on Matrixes\BatchConvert\Masks,C:\Users\Modern\Desktop\Science stuff from the USB\23-12-2022 Vero on Matrixes\BatchConvert\Masks,947.4067226890757,905.946218487395,0,6,344
18,7,4ApNec 300-20 5green_mask.tif,4ApNec 300-20 5violet_orig.tif,4ApNec 300-20 5red_mask.tif,4ApNec 300-20 5violet_mask.tif,C:\Users\Modern\Desktop\Science stuff from the USB\23-12-2022 Vero on Matrixes\BatchConvert\Masks,C:\Users\Modern\Desktop\Science stuff from the USB\23-12-2022 Vero on Matrixes\BatchConvert\Masks,C:\Users\Modern\Desktop\Science stuff from the USB\23-12-2022 Vero on Matrixes\BatchConvert\Masks,C:\Users\Modern\Desktop\Science stuff from the USB\23-12-2022 Vero on Matrixes\BatchConvert\Masks,434.32026143790847,970.6437908496732,0,7,371
18,8,4ApNec 300-20 5green_mask.tif,4ApNec 300-20 5violet_orig.tif,4ApNec 300-20 5red_mask.tif,4ApNec 300-20 5violet_mask.tif,C:\Users\Modern\Desktop\Science stuff from the USB\23-12-2022 Vero on Matrixes\BatchConvert\Masks,C:\Users\Modern\Desktop\Science stuff from the USB\23-12-2022 Vero on Matrixes\BatchConvert\Masks,C:\Users\Modern\Desktop\Science stuff from the USB\23-12-2022 Vero on Matrixes\BatchConvert\Masks,C:\Users\Modern\Desktop\Science stuff from the USB\23-12-2022 Vero on Matrixes\BatchConvert\Masks,466.72843080486393,989.2229299363057,0,8,379
18,9,4ApNec 300-20 5green_mask.tif,4ApNec 300-20 5violet_orig.tif,4ApNec 300-20 5red_mask.tif,4ApNec 300-20 5violet_mask.tif,C:\Users\Modern\Desktop\Science stuff from the USB\23-12-2022 Vero on Matrixes\BatchConvert\Masks,C:\Users\Modern\Desktop\Science stuff from the USB\23-12-2022 Vero on Matrixes\BatchConvert\Masks,C:\Users\Modern\Desktop\Science stuff from the USB\23-12-2022 Vero on Matrixes\BatchConvert\Masks,C:\Users\Modern\Desktop\Science stuff from the USB\23-12-2022 Vero on Matrixes\BatchConvert\Masks,1023.3103764921947,1708.526170798898,0,9,680
18,10,4ApNec 300-20 5green_mask.tif,4ApNec 300-20 5violet_orig.tif,4ApNec 300-20 5red_mask.tif,4ApNec 300-20 5violet_mask.tif,C:\Users\Modern\Desktop\Science stuff from the USB\23-12-2022 Vero on Matrixes\BatchConvert\Masks,C:\Users\Modern\Desktop\Science stuff from the USB\23-12-2022 Vero on Matrixes\BatchConvert\Masks,C:\Users\Modern\Desktop\Science stuff from the USB\23-12-2022 Vero on Matrixes\BatchConvert\Masks,C:\Users\Modern\Desktop\Science stuff from the USB\23-12-2022 Vero on Matrixes\BatchConvert\Masks,1188.740784780024,1827.7265160523186,0,10,742
18,11,4ApNec 300-20 5green_mask.tif,4ApNec 300-20 5violet_orig.tif,4ApNec 300-20 5red_mask.tif,4ApNec 300-20 5violet_mask.tif,C:\Users\Modern\Desktop\Science stuff from the USB\23-12-2022 Vero on Matrixes\BatchConvert\Masks,C:\Users\Modern\Desktop\Science stuff from the USB\23-12-2022 Vero on Matrixes\BatchConvert\Masks,C:\Users\Modern\Desktop\Science stuff from the USB\23-12-2022 Vero on Matrixes\BatchConvert\Masks,C:\Users\Modern\Desktop\Science stuff from the USB\23-12-2022 Vero on Matrixes\BatchConvert\Masks,1169.2415219189413,1842.3151364764267,0,11,749
19,1,5ApNec 300-20 6green_mask.tif,5ApNec 300-20 6violet_orig.tif,5ApNec 300-20 6red_mask.tif,5ApNec 300-20 6violet_mask.tif,C:\Users\Modern\Desktop\Science stuff from the USB\23-12-2022 Vero on Matrixes\BatchConvert\Masks,C:\Users\Modern\Desktop\Science stuff from the USB\23-12-2022 Vero on Matrixes\BatchConvert\Masks,C:\Users\Modern\Desktop\Science stuff from the USB\23-12-2022 Vero on Matrixes\BatchConvert\Masks,C:\Users\Modern\Desktop\Science stuff from the USB\23-12-2022 Vero on Matrixes\BatchConvert\Masks,717.1966731898239,289.9354207436399,0,1,91
19,2,5ApNec 300-20 6green_mask.tif,5ApNec 300-20 6violet_orig.tif,5ApNec 300-20 6red_mask.tif,5ApNec 300-20 6violet_mask.tif,C:\Users\Modern\Desktop\Science stuff from the USB\23-12-2022 Vero on Matrixes\BatchConvert\Masks,C:\Users\Modern\Desktop\Science stuff from the USB\23-12-2022 Vero on Matrixes\BatchConvert\Masks,C:\Users\Modern\Desktop\Science stuff from the USB\23-12-2022 Vero on Matrixes\BatchConvert\Masks,C:\Users\Modern\Desktop\Science stuff from the USB\23-12-2022 Vero on Matrixes\BatchConvert\Masks,1105.5161512027491,312.4,0,2,103
19,3,5ApNec 300-20 6green_mask.tif,5ApNec 300-20 6violet_orig.tif,5ApNec 300-20 6red_mask.tif,5ApNec 300-20 6violet_mask.tif,C:\Users\Modern\Desktop\Science stuff from the USB\23-12-2022 Vero on Matrixes\BatchConvert\Masks,C:\Users\Modern\Desktop\Science stuff from the USB\23-12-2022 Vero on Matrixes\BatchConvert\Masks,C:\Users\Modern\Desktop\Science stuff from the USB\23-12-2022 Vero on Matrixes\BatchConvert\Masks,C:\Users\Modern\Desktop\Science stuff from the USB\23-12-2022 Vero on Matrixes\BatchConvert\Masks,741.2231759656653,323.53648068669526,0,3,106
19,4,5ApNec 300-20 6green_mask.tif,5ApNec 300-20 6violet_orig.tif,5ApNec 300-20 6red_mask.tif,5ApNec 300-20 6violet_mask.tif,C:\Users\Modern\Desktop\Science stuff from the USB\23-12-2022 Vero on Matrixes\BatchConvert\Masks,C:\Users\Modern\Desktop\Science stuff from the USB\23-12-2022 Vero on Matrixes\BatchConvert\Masks,C:\Users\Modern\Desktop\Science stuff from the USB\23-12-2022 Vero on Matrixes\BatchConvert\Masks,C:\Users\Modern\Desktop\Science stuff from the USB\23-12-2022 Vero on Matrixes\BatchConvert\Masks,209.61912613355318,1822.1145919208573,0,4,625
19,5,5ApNec 300-20 6green_mask.tif,5ApNec 300-20 6violet_orig.tif,5ApNec 300-20 6red_mask.tif,5ApNec 300-20 6violet_mask.tif,C:\Users\Modern\Desktop\Science stuff from the USB\23-12-2022 Vero on Matrixes\BatchConvert\Masks,C:\Users\Modern\Desktop\Science stuff from the USB\23-12-2022 Vero on Matrixes\BatchConvert\Masks,C:\Users\Modern\Desktop\Science stuff from the USB\23-12-2022 Vero on Matrixes\BatchConvert\Masks,C:\Users\Modern\Desktop\Science stuff from the USB\23-12-2022 Vero on Matrixes\BatchConvert\Masks,240.2777142857143,1827.08,0,5,627
19,6,5ApNec 300-20 6green_mask.tif,5ApNec 300-20 6violet_orig.tif,5ApNec 300-20 6red_mask.tif,5ApNec 300-20 6violet_mask.tif,C:\Users\Modern\Desktop\Science stuff from the USB\23-12-2022 Vero on Matrixes\BatchConvert\Masks,C:\Users\Modern\Desktop\Science stuff from the USB\23-12-2022 Vero on Matrixes\BatchConvert\Masks,C:\Users\Modern\Desktop\Science stuff from the USB\23-12-2022 Vero on Matrixes\BatchConvert\Masks,C:\Users\Modern\Desktop\Science stuff from the USB\23-12-2022 Vero on Matrixes\BatchConvert\Masks,165.57958199356912,1842.3263665594855,0,6,634
19,7,5ApNec 300-20 6green_mask.tif,5ApNec 300-20 6violet_orig.tif,5ApNec 300-20 6red_mask.tif,5ApNec 300-20 6violet_mask.tif,C:\Users\Modern\Desktop\Science stuff from the USB\23-12-2022 Vero on Matrixes\BatchConvert\Masks,C:\Users\Modern\Desktop\Science stuff from the USB\23-12-2022 Vero on Matrixes\BatchConvert\Masks,C:\Users\Modern\Desktop\Science stuff from the USB\23-12-2022 Vero on Matrixes\BatchConvert\Masks,C:\Users\Modern\Desktop\Science stuff from the USB\23-12-2022 Vero on Matrixes\BatchConvert\Masks,210.30589849108367,1869.661865569273,0,7,643
19,8,5ApNec 300-20 6green_mask.tif,5ApNec 300-20 6violet_orig.tif,5ApNec 300-20 6red_mask.tif,5ApNec 300-20 6violet_mask.tif,C:\Users\Modern\Desktop\Science stuff from the USB\23-12-2022 Vero on Matrixes\BatchConvert\Masks,C:\Users\Modern\Desktop\Science stuff from the USB\23-12-2022 Vero on Matrixes\BatchConvert\Masks,C:\Users\Modern\Desktop\Science stuff from the USB\23-12-2022 Vero on Matrixes\BatchConvert\Masks,C:\Users\Modern\Desktop\Science stuff from the USB\23-12-2022 Vero on Matrixes\BatchConvert\Masks,120.65073245952198,1880.8010794140323,0,8,649
19,9,5ApNec 300-20 6green_mask.tif,5ApNec 300-20 6violet_orig.tif,5ApNec 300-20 6red_mask.tif,5ApNec 300-20 6violet_mask.tif,C:\Users\Modern\Desktop\Science stuff from the USB\23-12-2022 Vero on Matrixes\BatchConvert\Masks,C:\Users\Modern\Desktop\Science stuff from the USB\23-12-2022 Vero on Matrixes\BatchConvert\Masks,C:\Users\Modern\Desktop\Science stuff from the USB\23-12-2022 Vero on Matrixes\BatchConvert\Masks,C:\Users\Modern\Desktop\Science stuff from the USB\23-12-2022 Vero on Matrixes\BatchConvert\Masks,1436.27786259542,1918.9007633587787,0,9,662
19,10,5ApNec 300-20 6green_mask.tif,5ApNec 300-20 6violet_orig.tif,5ApNec 300-20 6red_mask.tif,5ApNec 300-20 6violet_mask.tif,C:\Users\Modern\Desktop\Science stuff from the USB\23-12-2022 Vero on Matrixes\BatchConvert\Masks,C:\Users\Modern\Desktop\Science stuff from the USB\23-12-2022 Vero on Matrixes\BatchConvert\Masks,C:\Users\Modern\Desktop\Science stuff from the USB\23-12-2022 Vero on Matrixes\BatchConvert\Masks,C:\Users\Modern\Desktop\Science stuff from the USB\23-12-2022 Vero on Matrixes\BatchConvert\Masks,297.76666666666665,1931.2491228070176,0,10,666
19,11,5ApNec 300-20 6green_mask.tif,5ApNec 300-20 6violet_orig.tif,5ApNec 300-20 6red_mask.tif,5ApNec 300-20 6violet_mask.tif,C:\Users\Modern\Desktop\Science stuff from the USB\23-12-2022 Vero on Matrixes\BatchConvert\Masks,C:\Users\Modern\Desktop\Science stuff from the USB\23-12-2022 Vero on Matrixes\BatchConvert\Masks,C:\Users\Modern\Desktop\Science stuff from the USB\23-12-2022 Vero on Matrixes\BatchConvert\Masks,C:\Users\Modern\Desktop\Science stuff from the USB\23-12-2022 Vero on Matrixes\BatchConvert\Masks,481.3690685413005,1937.2759226713533,0,11,669
19,12,5ApNec 300-20 6green_mask.tif,5ApNec 300-20 6violet_orig.tif,5ApNec 300-20 6red_mask.tif,5ApNec 300-20 6violet_mask.tif,C:\Users\Modern\Desktop\Science stuff from the USB\23-12-2022 Vero on Matrixes\BatchConvert\Masks,C:\Users\Modern\Desktop\Science stuff from the USB\23-12-2022 Vero on Matrixes\BatchConvert\Masks,C:\Users\Modern\Desktop\Science stuff from the USB\23-12-2022 Vero on Matrixes\BatchConvert\Masks,C:\Users\Modern\Desktop\Science stuff from the USB\23-12-2022 Vero on Matrixes\BatchConvert\Masks,511.82086251382236,1972.0070033173608,0,12,682
19,13,5ApNec 300-20 6green_mask.tif,5ApNec 300-20 6violet_orig.tif,5ApNec 300-20 6red_mask.tif,5ApNec 300-20 6violet_mask.tif,C:\Users\Modern\Desktop\Science stuff from the USB\23-12-2022 Vero on Matrixes\BatchConvert\Masks,C:\Users\Modern\Desktop\Science stuff from the USB\23-12-2022 Vero on Matrixes\BatchConvert\Masks,C:\Users\Modern\Desktop\Science stuff from the USB\23-12-2022 Vero on Matrixes\BatchConvert\Masks,C:\Users\Modern\Desktop\Science stuff from the USB\23-12-2022 Vero on Matrixes\BatchConvert\Masks,454.51186658114176,1974.7677998717127,0,13,684
19,14,5ApNec 300-20 6green_mask.tif,5ApNec 300-20 6violet_orig.tif,5ApNec 300-20 6red_mask.tif,5ApNec 300-20 6violet_mask.tif,C:\Users\Modern\Desktop\Science stuff from the USB\23-12-2022 Vero on Matrixes\BatchConvert\Masks,C:\Users\Modern\Desktop\Science stuff from the USB\23-12-2022 Vero on Matrixes\BatchConvert\Masks,C:\Users\Modern\Desktop\Science stuff from the USB\23-12-2022 Vero on Matrixes\BatchConvert\Masks,C:\Users\Modern\Desktop\Science stuff from the USB\23-12-2022 Vero on Matrixes\BatchConvert\Masks,915.35,1980.6694444444445,0,14,687
19,15,5ApNec 300-20 6green_mask.tif,5ApNec 300-20 6violet_orig.tif,5ApNec 300-20 6red_mask.tif,5ApNec 300-20 6violet_mask.tif,C:\Users\Modern\Desktop\Science stuff from the USB\23-12-2022 Vero on Matrixes\BatchConvert\Masks,C:\Users\Modern\Desktop\Science stuff from the USB\23-12-2022 Vero on Matrixes\BatchConvert\Masks,C:\Users\Modern\Desktop\Science stuff from the USB\23-12-2022 Vero on Matrixes\BatchConvert\Masks,C:\Users\Modern\Desktop\Science stuff from the USB\23-12-2022 Vero on Matrixes\BatchConvert\Masks,279.15546218487395,1997.8529411764705,0,15,692
20,1,6ApNec 300-20 7green_mask.tif,6ApNec 300-20 7violet_orig.tif,6ApNec 300-20 7red_mask.tif,6ApNec 300-20 7violet_mask.tif,C:\Users\Modern\Desktop\Science stuff from the USB\23-12-2022 Vero on Matrixes\BatchConvert\Masks,C:\Users\Modern\Desktop\Science stuff from the USB\23-12-2022 Vero on Matrixes\BatchConvert\Masks,C:\Users\Modern\Desktop\Science stuff from the USB\23-12-2022 Vero on Matrixes\BatchConvert\Masks,C:\Users\Modern\Desktop\Science stuff from the USB\23-12-2022 Vero on Matrixes\BatchConvert\Masks,717.1966731898239,289.9354207436399,0,1,91
20,2,6ApNec 300-20 7green_mask.tif,6ApNec 300-20 7violet_orig.tif,6ApNec 300-20 7red_mask.tif,6ApNec 300-20 7violet_mask.tif,C:\Users\Modern\Desktop\Science stuff from the USB\23-12-2022 Vero on Matrixes\BatchConvert\Masks,C:\Users\Modern\Desktop\Science stuff from the USB\23-12-2022 Vero on Matrixes\BatchConvert\Masks,C:\Users\Modern\Desktop\Science stuff from the USB\23-12-2022 Vero on Matrixes\BatchConvert\Masks,C:\Users\Modern\Desktop\Science stuff from the USB\23-12-2022 Vero on Matrixes\BatchConvert\Masks,1105.5161512027491,312.4,0,2,103
20,3,6ApNec 300-20 7green_mask.tif,6ApNec 300-20 7violet_orig.tif,6ApNec 300-20 7red_mask.tif,6ApNec 300-20 7violet_mask.tif,C:\Users\Modern\Desktop\Science stuff from the USB\23-12-2022 Vero on Matrixes\BatchConvert\Masks,C:\Users\Modern\Desktop\Science stuff from the USB\23-12-2022 Vero on Matrixes\BatchConvert\Masks,C:\Users\Modern\Desktop\Science stuff from the USB\23-12-2022 Vero on Matrixes\BatchConvert\Masks,C:\Users\Modern\Desktop\Science stuff from the USB\23-12-2022 Vero on Matrixes\BatchConvert\Masks,741.2231759656653,323.53648068669526,0,3,106
20,4,6ApNec 300-20 7green_mask.tif,6ApNec 300-20 7violet_orig.tif,6ApNec 300-20 7red_mask.tif,6ApNec 300-20 7violet_mask.tif,C:\Users\Modern\Desktop\Science stuff from the USB\23-12-2022 Vero on Matrixes\BatchConvert\Masks,C:\Users\Modern\Desktop\Science stuff from the USB\23-12-2022 Vero on Matrixes\BatchConvert\Masks,C:\Users\Modern\Desktop\Science stuff from the USB\23-12-2022 Vero on Matrixes\BatchConvert\Masks,C:\Users\Modern\Desktop\Science stuff from the USB\23-12-2022 Vero on Matrixes\BatchConvert\Masks,209.61912613355318,1822.1145919208573,0,4,625
20,5,6ApNec 300-20 7green_mask.tif,6ApNec 300-20 7violet_orig.tif,6ApNec 300-20 7red_mask.tif,6ApNec 300-20 7violet_mask.tif,C:\Users\Modern\Desktop\Science stuff from the USB\23-12-2022 Vero on Matrixes\BatchConvert\Masks,C:\Users\Modern\Desktop\Science stuff from the USB\23-12-2022 Vero on Matrixes\BatchConvert\Masks,C:\Users\Modern\Desktop\Science stuff from the USB\23-12-2022 Vero on Matrixes\BatchConvert\Masks,C:\Users\Modern\Desktop\Science stuff from the USB\23-12-2022 Vero on Matrixes\BatchConvert\Masks,240.2777142857143,1827.08,0,5,627
20,6,6ApNec 300-20 7green_mask.tif,6ApNec 300-20 7violet_orig.tif,6ApNec 300-20 7red_mask.tif,6ApNec 300-20 7violet_mask.tif,C:\Users\Modern\Desktop\Science stuff from the USB\23-12-2022 Vero on Matrixes\BatchConvert\Masks,C:\Users\Modern\Desktop\Science stuff from the USB\23-12-2022 Vero on Matrixes\BatchConvert\Masks,C:\Users\Modern\Desktop\Science stuff from the USB\23-12-2022 Vero on Matrixes\BatchConvert\Masks,C:\Users\Modern\Desktop\Science stuff from the USB\23-12-2022 Vero on Matrixes\BatchConvert\Masks,165.57958199356912,1842.3263665594855,0,6,634
20,7,6ApNec 300-20 7green_mask.tif,6ApNec 300-20 7violet_orig.tif,6ApNec 300-20 7red_mask.tif,6ApNec 300-20 7violet_mask.tif,C:\Users\Modern\Desktop\Science stuff from the USB\23-12-2022 Vero on Matrixes\BatchConvert\Masks,C:\Users\Modern\Desktop\Science stuff from the USB\23-12-2022 Vero on Matrixes\BatchConvert\Masks,C:\Users\Modern\Desktop\Science stuff from the USB\23-12-2022 Vero on Matrixes\BatchConvert\Masks,C:\Users\Modern\Desktop\Science stuff from the USB\23-12-2022 Vero on Matrixes\BatchConvert\Masks,210.30589849108367,1869.661865569273,0,7,643
20,8,6ApNec 300-20 7green_mask.tif,6ApNec 300-20 7violet_orig.tif,6ApNec 300-20 7red_mask.tif,6ApNec 300-20 7violet_mask.tif,C:\Users\Modern\Desktop\Science stuff from the USB\23-12-2022 Vero on Matrixes\BatchConvert\Masks,C:\Users\Modern\Desktop\Science stuff from the USB\23-12-2022 Vero on Matrixes\BatchConvert\Masks,C:\Users\Modern\Desktop\Science stuff from the USB\23-12-2022 Vero on Matrixes\BatchConvert\Masks,C:\Users\Modern\Desktop\Science stuff from the USB\23-12-2022 Vero on Matrixes\BatchConvert\Masks,120.65073245952198,1880.8010794140323,0,8,649
20,9,6ApNec 300-20 7green_mask.tif,6ApNec 300-20 7violet_orig.tif,6ApNec 300-20 7red_mask.tif,6ApNec 300-20 7violet_mask.tif,C:\Users\Modern\Desktop\Science stuff from the USB\23-12-2022 Vero on Matrixes\BatchConvert\Masks,C:\Users\Modern\Desktop\Science stuff from the USB\23-12-2022 Vero on Matrixes\BatchConvert\Masks,C:\Users\Modern\Desktop\Science stuff from the USB\23-12-2022 Vero on Matrixes\BatchConvert\Masks,C:\Users\Modern\Desktop\Science stuff from the USB\23-12-2022 Vero on Matrixes\BatchConvert\Masks,1436.27786259542,1918.9007633587787,0,9,662
20,10,6ApNec 300-20 7green_mask.tif,6ApNec 300-20 7violet_orig.tif,6ApNec 300-20 7red_mask.tif,6ApNec 300-20 7violet_mask.tif,C:\Users\Modern\Desktop\Science stuff from the USB\23-12-2022 Vero on Matrixes\BatchConvert\Masks,C:\Users\Modern\Desktop\Science stuff from the USB\23-12-2022 Vero on Matrixes\BatchConvert\Masks,C:\Users\Modern\Desktop\Science stuff from the USB\23-12-2022 Vero on Matrixes\BatchConvert\Masks,C:\Users\Modern\Desktop\Science stuff from the USB\23-12-2022 Vero on Matrixes\BatchConvert\Masks,297.76666666666665,1931.2491228070176,0,10,666
20,11,6ApNec 300-20 7green_mask.tif,6ApNec 300-20 7violet_orig.tif,6ApNec 300-20 7red_mask.tif,6ApNec 300-20 7violet_mask.tif,C:\Users\Modern\Desktop\Science stuff from the USB\23-12-2022 Vero on Matrixes\BatchConvert\Masks,C:\Users\Modern\Desktop\Science stuff from the USB\23-12-2022 Vero on Matrixes\BatchConvert\Masks,C:\Users\Modern\Desktop\Science stuff from the USB\23-12-2022 Vero on Matrixes\BatchConvert\Masks,C:\Users\Modern\Desktop\Science stuff from the USB\23-12-2022 Vero on Matrixes\BatchConvert\Masks,481.3690685413005,1937.2759226713533,0,11,669
20,12,6ApNec 300-20 7green_mask.tif,6ApNec 300-20 7violet_orig.tif,6ApNec 300-20 7red_mask.tif,6ApNec 300-20 7violet_mask.tif,C:\Users\Modern\Desktop\Science stuff from the USB\23-12-2022 Vero on Matrixes\BatchConvert\Masks,C:\Users\Modern\Desktop\Science stuff from the USB\23-12-2022 Vero on Matrixes\BatchConvert\Masks,C:\Users\Modern\Desktop\Science stuff from the USB\23-12-2022 Vero on Matrixes\BatchConvert\Masks,C:\Users\Modern\Desktop\Science stuff from the USB\23-12-2022 Vero on Matrixes\BatchConvert\Masks,511.82086251382236,1972.0070033173608,0,12,682
20,13,6ApNec 300-20 7green_mask.tif,6ApNec 300-20 7violet_orig.tif,6ApNec 300-20 7red_mask.tif,6ApNec 300-20 7violet_mask.tif,C:\Users\Modern\Desktop\Science stuff from the USB\23-12-2022 Vero on Matrixes\BatchConvert\Masks,C:\Users\Modern\Desktop\Science stuff from the USB\23-12-2022 Vero on Matrixes\BatchConvert\Masks,C:\Users\Modern\Desktop\Science stuff from the USB\23-12-2022 Vero on Matrixes\BatchConvert\Masks,C:\Users\Modern\Desktop\Science stuff from the USB\23-12-2022 Vero on Matrixes\BatchConvert\Masks,454.51186658114176,1974.7677998717127,0,13,684
20,14,6ApNec 300-20 7green_mask.tif,6ApNec 300-20 7violet_orig.tif,6ApNec 300-20 7red_mask.tif,6ApNec 300-20 7violet_mask.tif,C:\Users\Modern\Desktop\Science stuff from the USB\23-12-2022 Vero on Matrixes\BatchConvert\Masks,C:\Users\Modern\Desktop\Science stuff from the USB\23-12-2022 Vero on Matrixes\BatchConvert\Masks,C:\Users\Modern\Desktop\Science stuff from the USB\23-12-2022 Vero on Matrixes\BatchConvert\Masks,C:\Users\Modern\Desktop\Science stuff from the USB\23-12-2022 Vero on Matrixes\BatchConvert\Masks,915.35,1980.6694444444445,0,14,687
20,15,6ApNec 300-20 7green_mask.tif,6ApNec 300-20 7violet_orig.tif,6ApNec 300-20 7red_mask.tif,6ApNec 300-20 7violet_mask.tif,C:\Users\Modern\Desktop\Science stuff from the USB\23-12-2022 Vero on Matrixes\BatchConvert\Masks,C:\Users\Modern\Desktop\Science stuff from the USB\23-12-2022 Vero on Matrixes\BatchConvert\Masks,C:\Users\Modern\Desktop\Science stuff from the USB\23-12-2022 Vero on Matrixes\BatchConvert\Masks,C:\Users\Modern\Desktop\Science stuff from the USB\23-12-2022 Vero on Matrixes\BatchConvert\Masks,279.15546218487395,1997.8529411764705,0,15,692
21,1,7ApNec 300-20 8green_mask.tif,7ApNec 300-20 8violet_orig.tif,7ApNec 300-20 8red_mask.tif,7ApNec 300-20 8violet_mask.tif,C:\Users\Modern\Desktop\Science stuff from the USB\23-12-2022 Vero on Matrixes\BatchConvert\Masks,C:\Users\Modern\Desktop\Science stuff from the USB\23-12-2022 Vero on Matrixes\BatchConvert\Masks,C:\Users\Modern\Desktop\Science stuff from the USB\23-12-2022 Vero on Matrixes\BatchConvert\Masks,C:\Users\Modern\Desktop\Science stuff from the USB\23-12-2022 Vero on Matrixes\BatchConvert\Masks,1212.5152284263959,739.5939086294417,0,1,261
21,2,7ApNec 300-20 8green_mask.tif,7ApNec 300-20 8violet_orig.tif,7ApNec 300-20 8red_mask.tif,7ApNec 300-20 8violet_mask.tif,C:\Users\Modern\Desktop\Science stuff from the USB\23-12-2022 Vero on Matrixes\BatchConvert\Masks,C:\Users\Modern\Desktop\Science stuff from the USB\23-12-2022 Vero on Matrixes\BatchConvert\Masks,C:\Users\Modern\Desktop\Science stuff from the USB\23-12-2022 Vero on Matrixes\BatchConvert\Masks,C:\Users\Modern\Desktop\Science stuff from the USB\23-12-2022 Vero on Matrixes\BatchConvert\Masks,1188.4858044164039,758.5583596214511,0,2,268
22,1,8ApNec 300-20 9green_mask.tif,8ApNec 300-20 9violet_orig.tif,8ApNec 300-20 9red_mask.tif,8ApNec 300-20 9violet_mask.tif,C:\Users\Modern\Desktop\Science stuff from the USB\23-12-2022 Vero on Matrixes\BatchConvert\Masks,C:\Users\Modern\Desktop\Science stuff from the USB\23-12-2022 Vero on Matrixes\BatchConvert\Masks,C:\Users\Modern\Desktop\Science stuff from the USB\23-12-2022 Vero on Matrixes\BatchConvert\Masks,C:\Users\Modern\Desktop\Science stuff from the USB\23-12-2022 Vero on Matrixes\BatchConvert\Masks,829.7784090909091,238.2244318181818,0,1,74
22,2,8ApNec 300-20 9green_mask.tif,8ApNec 300-20 9violet_orig.tif,8ApNec 300-20 9red_mask.tif,8ApNec 300-20 9violet_mask.tif,C:\Users\Modern\Desktop\Science stuff from the USB\23-12-2022 Vero on Matrixes\BatchConvert\Masks,C:\Users\Modern\Desktop\Science stuff from the USB\23-12-2022 Vero on Matrixes\BatchConvert\Masks,C:\Users\Modern\Desktop\Science stuff from the USB\23-12-2022 Vero on Matrixes\BatchConvert\Masks,C:\Users\Modern\Desktop\Science stuff from the USB\23-12-2022 Vero on Matrixes\BatchConvert\Masks,811.5054545454545,244.55636363636364,0,2,75
22,3,8ApNec 300-20 9green_mask.tif,8ApNec 300-20 9violet_orig.tif,8ApNec 300-20 9red_mask.tif,8ApNec 300-20 9violet_mask.tif,C:\Users\Modern\Desktop\Science stuff from the USB\23-12-2022 Vero on Matrixes\BatchConvert\Masks,C:\Users\Modern\Desktop\Science stuff from the USB\23-12-2022 Vero on Matrixes\BatchConvert\Masks,C:\Users\Modern\Desktop\Science stuff from the USB\23-12-2022 Vero on Matrixes\BatchConvert\Masks,C:\Users\Modern\Desktop\Science stuff from the USB\23-12-2022 Vero on Matrixes\BatchConvert\Masks,1020.289290681502,908.6884561891516,0,3,289
22,4,8ApNec 300-20 9green_mask.tif,8ApNec 300-20 9violet_orig.tif,8ApNec 300-20 9red_mask.tif,8ApNec 300-20 9violet_mask.tif,C:\Users\Modern\Desktop\Science stuff from the USB\23-12-2022 Vero on Matrixes\BatchConvert\Masks,C:\Users\Modern\Desktop\Science stuff from the USB\23-12-2022 Vero on Matrixes\BatchConvert\Masks,C:\Users\Modern\Desktop\Science stuff from the USB\23-12-2022 Vero on Matrixes\BatchConvert\Masks,C:\Users\Modern\Desktop\Science stuff from the USB\23-12-2022 Vero on Matrixes\BatchConvert\Masks,1851.7858880778588,1441.8272506082726,0,4,498
23,1,9ApNec 300-20 10green_mask.tif,9ApNec 300-20 10violet_orig.tif,9ApNec 300-20 10red_mask.tif,9ApNec 300-20 10violet_mask.tif,C:\Users\Modern\Desktop\Science stuff from the USB\23-12-2022 Vero on Matrixes\BatchConvert\Masks,C:\Users\Modern\Desktop\Science stuff from the USB\23-12-2022 Vero on Matrixes\BatchConvert\Masks,C:\Users\Modern\Desktop\Science stuff from the USB\23-12-2022 Vero on Matrixes\BatchConvert\Masks,C:\Users\Modern\Desktop\Science stuff from the USB\23-12-2022 Vero on Matrixes\BatchConvert\Masks,734.5,181.13333333333333,0,1,55
23,2,9ApNec 300-20 10green_mask.tif,9ApNec 300-20 10violet_orig.tif,9ApNec 300-20 10red_mask.tif,9ApNec 300-20 10violet_mask.tif,C:\Users\Modern\Desktop\Science stuff from the USB\23-12-2022 Vero on Matrixes\BatchConvert\Masks,C:\Users\Modern\Desktop\Science stuff from the USB\23-12-2022 Vero on Matrixes\BatchConvert\Masks,C:\Users\Modern\Desktop\Science stuff from the USB\23-12-2022 Vero on Matrixes\BatchConvert\Masks,C:\Users\Modern\Desktop\Science stuff from the USB\23-12-2022 Vero on Matrixes\BatchConvert\Masks,653.1881188118812,393.4752475247525,0,2,118
23,3,9ApNec 300-20 10green_mask.tif,9ApNec 300-20 10violet_orig.tif,9ApNec 300-20 10red_mask.tif,9ApNec 300-20 10violet_mask.tif,C:\Users\Modern\Desktop\Science stuff from the USB\23-12-2022 Vero on Matrixes\BatchConvert\Masks,C:\Users\Modern\Desktop\Science stuff from the USB\23-12-2022 Vero on Matrixes\BatchConvert\Masks,C:\Users\Modern\Desktop\Science stuff from the USB\23-12-2022 Vero on Matrixes\BatchConvert\Masks,C:\Users\Modern\Desktop\Science stuff from the USB\23-12-2022 Vero on Matrixes\BatchConvert\Masks,719.3111111111111,571.9619047619047,0,3,173
23,4,9ApNec 300-20 10green_mask.tif,9ApNec 300-20 10violet_orig.tif,9ApNec 300-20 10red_mask.tif,9ApNec 300-20 10violet_mask.tif,C:\Users\Modern\Desktop\Science stuff from the USB\23-12-2022 Vero on Matrixes\BatchConvert\Masks,C:\Users\Modern\Desktop\Science stuff from the USB\23-12-2022 Vero on Matrixes\BatchConvert\Masks,C:\Users\Modern\Desktop\Science stuff from the USB\23-12-2022 Vero on Matrixes\BatchConvert\Masks,C:\Users\Modern\Desktop\Science stuff from the USB\23-12-2022 Vero on Matrixes\BatchConvert\Masks,652.0927272727273,669.0909090909091,0,4,203
23,5,9ApNec 300-20 10green_mask.tif,9ApNec 300-20 10violet_orig.tif,9ApNec 300-20 10red_mask.tif,9ApNec 300-20 10violet_mask.tif,C:\Users\Modern\Desktop\Science stuff from the USB\23-12-2022 Vero on Matrixes\BatchConvert\Masks,C:\Users\Modern\Desktop\Science stuff from the USB\23-12-2022 Vero on Matrixes\BatchConvert\Masks,C:\Users\Modern\Desktop\Science stuff from the USB\23-12-2022 Vero on Matrixes\BatchConvert\Masks,C:\Users\Modern\Desktop\Science stuff from the USB\23-12-2022 Vero on Matrixes\BatchConvert\Masks,656.998687664042,973.7204724409448,0,5,307
23,6,9ApNec 300-20 10green_mask.tif,9ApNec 300-20 10violet_orig.tif,9ApNec 300-20 10red_mask.tif,9ApNec 300-20 10violet_mask.tif,C:\Users\Modern\Desktop\Science stuff from the USB\23-12-2022 Vero on Matrixes\BatchConvert\Masks,C:\Users\Modern\Desktop\Science stuff from the USB\23-12-2022 Vero on Matrixes\BatchConvert\Masks,C:\Users\Modern\Desktop\Science stuff from the USB\23-12-2022 Vero on Matrixes\BatchConvert\Masks,C:\Users\Modern\Desktop\Science stuff from the USB\23-12-2022 Vero on Matrixes\BatchConvert\Masks,999.9469122426868,1046.6522210184182,0,6,337
23,7,9ApNec 300-20 10green_mask.tif,9ApNec 300-20 10violet_orig.tif,9ApNec 300-20 10red_mask.tif,9ApNec 300-20 10violet_mask.tif,C:\Users\Modern\Desktop\Science stuff from the USB\23-12-2022 Vero on Matrixes\BatchConvert\Masks,C:\Users\Modern\Desktop\Science stuff from the USB\23-12-2022 Vero on Matrixes\BatchConvert\Masks,C:\Users\Modern\Desktop\Science stuff from the USB\23-12-2022 Vero on Matrixes\BatchConvert\Masks,C:\Users\Modern\Desktop\Science stuff from the USB\23-12-2022 Vero on Matrixes\BatchConvert\Masks,934.592363261094,1320.3147574819402,0,7,445
23,8,9ApNec 300-20 10green_mask.tif,9ApNec 300-20 10violet_orig.tif,9ApNec 300-20 10red_mask.tif,9ApNec 300-20 10violet_mask.tif,C:\Users\Modern\Desktop\Science stuff from the USB\23-12-2022 Vero on Matrixes\BatchConvert\Masks,C:\Users\Modern\Desktop\Science stuff from the USB\23-12-2022 Vero on Matrixes\BatchConvert\Masks,C:\Users\Modern\Desktop\Science stuff from the USB\23-12-2022 Vero on Matrixes\BatchConvert\Masks,C:\Users\Modern\Desktop\Science stuff from the USB\23-12-2022 Vero on Matrixes\BatchConvert\Masks,1863.170859538784,1404.3060796645702,0,8,485
23,9,9ApNec 300-20 10green_mask.tif,9ApNec 300-20 10violet_orig.tif,9ApNec 300-20 10red_mask.tif,9ApNec 300-20 10violet_mask.tif,C:\Users\Modern\Desktop\Science stuff from the USB\23-12-2022 Vero on Matrixes\BatchConvert\Masks,C:\Users\Modern\Desktop\Science stuff from the USB\23-12-2022 Vero on Matrixes\BatchConvert\Masks,C:\Users\Modern\Desktop\Science stuff from the USB\23-12-2022 Vero on Matrixes\BatchConvert\Masks,C:\Users\Modern\Desktop\Science stuff from the USB\23-12-2022 Vero on Matrixes\BatchConvert\Masks,1876.3411949685535,1437.1446540880504,0,9,502
23,10,9ApNec 300-20 10green_mask.tif,9ApNec 300-20 10violet_orig.tif,9ApNec 300-20 10red_mask.tif,9ApNec 300-20 10violet_mask.tif,C:\Users\Modern\Desktop\Science stuff from the USB\23-12-2022 Vero on Matrixes\BatchConvert\Masks,C:\Users\Modern\Desktop\Science stuff from the USB\23-12-2022 Vero on Matrixes\BatchConvert\Masks,C:\Users\Modern\Desktop\Science stuff from the USB\23-12-2022 Vero on Matrixes\BatchConvert\Masks,C:\Users\Modern\Desktop\Science stuff from the USB\23-12-2022 Vero on Matrixes\BatchConvert\Masks,1206.1019736842106,1557.8936403508771,0,10,548
23,11,9ApNec 300-20 10green_mask.tif,9ApNec 300-20 10violet_orig.tif,9ApNec 300-20 10red_mask.tif,9ApNec 300-20 10violet_mask.tif,C:\Users\Modern\Desktop\Science stuff from the USB\23-12-2022 Vero on Matrixes\BatchConvert\Masks,C:\Users\Modern\Desktop\Science stuff from the USB\23-12-2022 Vero on Matrixes\BatchConvert\Masks,C:\Users\Modern\Desktop\Science stuff from the USB\23-12-2022 Vero on Matrixes\BatchConvert\Masks,C:\Users\Modern\Desktop\Science stuff from the USB\23-12-2022 Vero on Matrixes\BatchConvert\Masks,347.49074074074076,1927.9135802469136,0,11,685
