ImageNumber,ObjectNumber,FileName_Green_mask,FileName_Original,FileName_Red_mask,FileName_Violet_mask,PathName_Green_mask,PathName_Original,PathName_Red_mask,PathName_Violet_mask
1,1,0ApNec 300-20 1green_mask.tif,0ApNec 300-20 1violet_orig.tif,0ApNec 300-20 1red_mask.tif,0ApNec 300-20 1violet_mask.tif,C:\Users\Modern\Desktop\Science stuff from the USB\23-12-2022 Vero on Matrixes\BatchConvert\Masks,C:\Users\Modern\Desktop\Science stuff from the USB\23-12-2022 Vero on Matrixes\BatchConvert\Masks,C:\Users\Modern\Desktop\Science stuff from the USB\23-12-2022 Vero on Matrixes\BatchConvert\Masks,C:\Users\Modern\Desktop\Science stuff from the USB\23-12-2022 Vero on Matrixes\BatchConvert\Masks
1,2,0ApNec 300-20 1green_mask.tif,0ApNec 300-20 1violet_orig.tif,0ApNec 300-20 1red_mask.tif,0ApNec 300-20 1violet_mask.tif,C:\Users\Modern\Desktop\Science stuff from the USB\23-12-2022 Vero on Matrixes\BatchConvert\Masks,C:\Users\Modern\Desktop\Science stuff from the USB\23-12-2022 Vero on Matrixes\BatchConvert\Masks,C:\Users\Modern\Desktop\Science stuff from the USB\23-12-2022 Vero on Matrixes\BatchConvert\Masks,C:\Users\Modern\Desktop\Science stuff from the USB\23-12-2022 Vero on Matrixes\BatchConvert\Masks
1,3,0ApNec 300-20 1green_mask.tif,0ApNec 300-20 1violet_orig.tif,0ApNec 300-20 1red_mask.tif,0ApNec 300-20 1violet_mask.tif,C:\Users\Modern\Desktop\Science stuff from the USB\23-12-2022 Vero on Matrixes\BatchConvert\Masks,C:\Users\Modern\Desktop\Science stuff from the USB\23-12-2022 Vero on Matrixes\BatchConvert\Masks,C:\Users\Modern\Desktop\Science stuff from the USB\23-12-2022 Vero on Matrixes\BatchConvert\Masks,C:\Users\Modern\Desktop\Science stuff from the USB\23-12-2022 Vero on Matrixes\BatchConvert\Masks
1,4,0ApNec 300-20 1green_mask.tif,0ApNec 300-20 1violet_orig.tif,0ApNec 300-20 1red_mask.tif,0ApNec 300-20 1violet_mask.tif,C:\Users\Modern\Desktop\Science stuff from the USB\23-12-2022 Vero on Matrixes\BatchConvert\Masks,C:\Users\Modern\Desktop\Science stuff from the USB\23-12-2022 Vero on Matrixes\BatchConvert\Masks,C:\Users\Modern\Desktop\Science stuff from the USB\23-12-2022 Vero on Matrixes\BatchConvert\Masks,C:\Users\Modern\Desktop\Science stuff from the USB\23-12-2022 Vero on Matrixes\BatchConvert\Masks
1,5,0ApNec 300-20 1green_mask.tif,0ApNec 300-20 1violet_orig.tif,0ApNec 300-20 1red_mask.tif,0ApNec 300-20 1violet_mask.tif,C:\Users\Modern\Desktop\Science stuff from the USB\23-12-2022 Vero on Matrixes\BatchConvert\Masks,C:\Users\Modern\Desktop\Science stuff from the USB\23-12-2022 Vero on Matrixes\BatchConvert\Masks,C:\Users\Modern\Desktop\Science stuff from the USB\23-12-2022 Vero on Matrixes\BatchConvert\Masks,C:\Users\Modern\Desktop\Science stuff from the USB\23-12-2022 Vero on Matrixes\BatchConvert\Masks
1,6,0ApNec 300-20 1green_mask.tif,0ApNec 300-20 1violet_orig.tif,0ApNec 300-20 1red_mask.tif,0ApNec 300-20 1violet_mask.tif,C:\Users\Modern\Desktop\Science stuff from the USB\23-12-2022 Vero on Matrixes\BatchConvert\Masks,C:\Users\Modern\Desktop\Science stuff from the USB\23-12-2022 Vero on Matrixes\BatchConvert\Masks,C:\Users\Modern\Desktop\Science stuff from the USB\23-12-2022 Vero on Matrixes\BatchConvert\Masks,C:\Users\Modern\Desktop\Science stuff from the USB\23-12-2022 Vero on Matrixes\BatchConvert\Masks
1,7,0ApNec 300-20 1green_mask.tif,0ApNec 300-20 1violet_orig.tif,0ApNec 300-20 1red_mask.tif,0ApNec 300-20 1violet_mask.tif,C:\Users\Modern\Desktop\Science stuff from the USB\23-12-2022 Vero on Matrixes\BatchConvert\Masks,C:\Users\Modern\Desktop\Science stuff from the USB\23-12-2022 Vero on Matrixes\BatchConvert\Masks,C:\Users\Modern\Desktop\Science stuff from the USB\23-12-2022 Vero on Matrixes\BatchConvert\Masks,C:\Users\Modern\Desktop\Science stuff from the USB\23-12-2022 Vero on Matrixes\BatchConvert\Masks
1,8,0ApNec 300-20 1green_mask.tif,0ApNec 300-20 1violet_orig.tif,0ApNec 300-20 1red_mask.tif,0ApNec 300-20 1violet_mask.tif,C:\Users\Modern\Desktop\Science stuff from the USB\23-12-2022 Vero on Matrixes\BatchConvert\Masks,C:\Users\Modern\Desktop\Science stuff from the USB\23-12-2022 Vero on Matrixes\BatchConvert\Masks,C:\Users\Modern\Desktop\Science stuff from the USB\23-12-2022 Vero on Matrixes\BatchConvert\Masks,C:\Users\Modern\Desktop\Science stuff from the USB\23-12-2022 Vero on Matrixes\BatchConvert\Masks
1,9,0ApNec 300-20 1green_mask.tif,0ApNec 300-20 1violet_orig.tif,0ApNec 300-20 1red_mask.tif,0ApNec 300-20 1violet_mask.tif,C:\Users\Modern\Desktop\Science stuff from the USB\23-12-2022 Vero on Matrixes\BatchConvert\Masks,C:\Users\Modern\Desktop\Science stuff from the USB\23-12-2022 Vero on Matrixes\BatchConvert\Masks,C:\Users\Modern\Desktop\Science stuff from the USB\23-12-2022 Vero on Matrixes\BatchConvert\Masks,C:\Users\Modern\Desktop\Science stuff from the USB\23-12-2022 Vero on Matrixes\BatchConvert\Masks
1,10,0ApNec 300-20 1green_mask.tif,0ApNec 300-20 1violet_orig.tif,0ApNec 300-20 1red_mask.tif,0ApNec 300-20 1violet_mask.tif,C:\Users\Modern\Desktop\Science stuff from the USB\23-12-2022 Vero on Matrixes\BatchConvert\Masks,C:\Users\Modern\Desktop\Science stuff from the USB\23-12-2022 Vero on Matrixes\BatchConvert\Masks,C:\Users\Modern\Desktop\Science stuff from the USB\23-12-2022 Vero on Matrixes\BatchConvert\Masks,C:\Users\Modern\Desktop\Science stuff from the USB\23-12-2022 Vero on Matrixes\BatchConvert\Masks
1,11,0ApNec 300-20 1green_mask.tif,0ApNec 300-20 1violet_orig.tif,0ApNec 300-20 1red_mask.tif,0ApNec 300-20 1violet_mask.tif,C:\Users\Modern\Desktop\Science stuff from the USB\23-12-2022 Vero on Matrixes\BatchConvert\Masks,C:\Users\Modern\Desktop\Science stuff from the USB\23-12-2022 Vero on Matrixes\BatchConvert\Masks,C:\Users\Modern\Desktop\Science stuff from the USB\23-12-2022 Vero on Matrixes\BatchConvert\Masks,C:\Users\Modern\Desktop\Science stuff from the USB\23-12-2022 Vero on Matrixes\BatchConvert\Masks
1,12,0ApNec 300-20 1green_mask.tif,0ApNec 300-20 1violet_orig.tif,0ApNec 300-20 1red_mask.tif,0ApNec 300-20 1violet_mask.tif,C:\Users\Modern\Desktop\Science stuff from the USB\23-12-2022 Vero on Matrixes\BatchConvert\Masks,C:\Users\Modern\Desktop\Science stuff from the USB\23-12-2022 Vero on Matrixes\BatchConvert\Masks,C:\Users\Modern\Desktop\Science stuff from the USB\23-12-2022 Vero on Matrixes\BatchConvert\Masks,C:\Users\Modern\Desktop\Science stuff from the USB\23-12-2022 Vero on Matrixes\BatchConvert\Masks
1,13,0ApNec 300-20 1green_mask.tif,0ApNec 300-20 1violet_orig.tif,0ApNec 300-20 1red_mask.tif,0ApNec 300-20 1violet_mask.tif,C:\Users\Modern\Desktop\Science stuff from the USB\23-12-2022 Vero on Matrixes\BatchConvert\Masks,C:\Users\Modern\Desktop\Science stuff from the USB\23-12-2022 Vero on Matrixes\BatchConvert\Masks,C:\Users\Modern\Desktop\Science stuff from the USB\23-12-2022 Vero on Matrixes\BatchConvert\Masks,C:\Users\Modern\Desktop\Science stuff from the USB\23-12-2022 Vero on Matrixes\BatchConvert\Masks
1,14,0ApNec 300-20 1green_mask.tif,0ApNec 300-20 1violet_orig.tif,0ApNec 300-20 1red_mask.tif,0ApNec 300-20 1violet_mask.tif,C:\Users\Modern\Desktop\Science stuff from the USB\23-12-2022 Vero on Matrixes\BatchConvert\Masks,C:\Users\Modern\Desktop\Science stuff from the USB\23-12-2022 Vero on Matrixes\BatchConvert\Masks,C:\Users\Modern\Desktop\Science stuff from the USB\23-12-2022 Vero on Matrixes\BatchConvert\Masks,C:\Users\Modern\Desktop\Science stuff from the USB\23-12-2022 Vero on Matrixes\BatchConvert\Masks
1,15,0ApNec 300-20 1green_mask.tif,0ApNec 300-20 1violet_orig.tif,0ApNec 300-20 1red_mask.tif,0ApNec 300-20 1violet_mask.tif,C:\Users\Modern\Desktop\Science stuff from the USB\23-12-2022 Vero on Matrixes\BatchConvert\Masks,C:\Users\Modern\Desktop\Science stuff from the USB\23-12-2022 Vero on Matrixes\BatchConvert\Masks,C:\Users\Modern\Desktop\Science stuff from the USB\23-12-2022 Vero on Matrixes\BatchConvert\Masks,C:\Users\Modern\Desktop\Science stuff from the USB\23-12-2022 Vero on Matrixes\BatchConvert\Masks
1,16,0ApNec 300-20 1green_mask.tif,0ApNec 300-20 1violet_orig.tif,0ApNec 300-20 1red_mask.tif,0ApNec 300-20 1violet_mask.tif,C:\Users\Modern\Desktop\Science stuff from the USB\23-12-2022 Vero on Matrixes\BatchConvert\Masks,C:\Users\Modern\Desktop\Science stuff from the USB\23-12-2022 Vero on Matrixes\BatchConvert\Masks,C:\Users\Modern\Desktop\Science stuff from the USB\23-12-2022 Vero on Matrixes\BatchConvert\Masks,C:\Users\Modern\Desktop\Science stuff from the USB\23-12-2022 Vero on Matrixes\BatchConvert\Masks
1,17,0ApNec 300-20 1green_mask.tif,0ApNec 300-20 1violet_orig.tif,0ApNec 300-20 1red_mask.tif,0ApNec 300-20 1violet_mask.tif,C:\Users\Modern\Desktop\Science stuff from the USB\23-12-2022 Vero on Matrixes\BatchConvert\Masks,C:\Users\Modern\Desktop\Science stuff from the USB\23-12-2022 Vero on Matrixes\BatchConvert\Masks,C:\Users\Modern\Desktop\Science stuff from the USB\23-12-2022 Vero on Matrixes\BatchConvert\Masks,C:\Users\Modern\Desktop\Science stuff from the USB\23-12-2022 Vero on Matrixes\BatchConvert\Masks
2,1,10ApNec 300-20 11green_mask.tif,10ApNec 300-20 11violet_orig.tif,10ApNec 300-20 11red_mask.tif,10ApNec 300-20 11violet_mask.tif,C:\Users\Modern\Desktop\Science stuff from the USB\23-12-2022 Vero on Matrixes\BatchConvert\Masks,C:\Users\Modern\Desktop\Science stuff from the USB\23-12-2022 Vero on Matrixes\BatchConvert\Masks,C:\Users\Modern\Desktop\Science stuff from the USB\23-12-2022 Vero on Matrixes\BatchConvert\Masks,C:\Users\Modern\Desktop\Science stuff from the USB\23-12-2022 Vero on Matrixes\BatchConvert\Masks
3,1,11ApNec 600-20 1green_mask.tif,11ApNec 600-20 1violet_orig.tif,11ApNec 600-20 1red_mask.tif,11ApNec 600-20 1violet_mask.tif,C:\Users\Modern\Desktop\Science stuff from the USB\23-12-2022 Vero on Matrixes\BatchConvert\Masks,C:\Users\Modern\Desktop\Science stuff from the USB\23-12-2022 Vero on Matrixes\BatchConvert\Masks,C:\Users\Modern\Desktop\Science stuff from the USB\23-12-2022 Vero on Matrixes\BatchConvert\Masks,C:\Users\Modern\Desktop\Science stuff from the USB\23-12-2022 Vero on Matrixes\BatchConvert\Masks
5,1,13ApNec 600-20 3green_mask.tif,13ApNec 600-20 3violet_orig.tif,13ApNec 600-20 3red_mask.tif,13ApNec 600-20 3violet_mask.tif,C:\Users\Modern\Desktop\Science stuff from the USB\23-12-2022 Vero on Matrixes\BatchConvert\Masks,C:\Users\Modern\Desktop\Science stuff from the USB\23-12-2022 Vero on Matrixes\BatchConvert\Masks,C:\Users\Modern\Desktop\Science stuff from the USB\23-12-2022 Vero on Matrixes\BatchConvert\Masks,C:\Users\Modern\Desktop\Science stuff from the USB\23-12-2022 Vero on Matrixes\BatchConvert\Masks
5,2,13ApNec 600-20 3green_mask.tif,13ApNec 600-20 3violet_orig.tif,13ApNec 600-20 3red_mask.tif,13ApNec 600-20 3violet_mask.tif,C:\Users\Modern\Desktop\Science stuff from the USB\23-12-2022 Vero on Matrixes\BatchConvert\Masks,C:\Users\Modern\Desktop\Science stuff from the USB\23-12-2022 Vero on Matrixes\BatchConvert\Masks,C:\Users\Modern\Desktop\Science stuff from the USB\23-12-2022 Vero on Matrixes\BatchConvert\Masks,C:\Users\Modern\Desktop\Science stuff from the USB\23-12-2022 Vero on Matrixes\BatchConvert\Masks
7,1,15ApNec 600-20 5green_mask.tif,15ApNec 600-20 5violet_orig.tif,15ApNec 600-20 5red_mask.tif,15ApNec 600-20 5violet_mask.tif,C:\Users\Modern\Desktop\Science stuff from the USB\23-12-2022 Vero on Matrixes\BatchConvert\Masks,C:\Users\Modern\Desktop\Science stuff from the USB\23-12-2022 Vero on Matrixes\BatchConvert\Masks,C:\Users\Modern\Desktop\Science stuff from the USB\23-12-2022 Vero on Matrixes\BatchConvert\Masks,C:\Users\Modern\Desktop\Science stuff from the USB\23-12-2022 Vero on Matrixes\BatchConvert\Masks
8,1,16ApNec 600-20 6green_mask.tif,16ApNec 600-20 6violet_orig.tif,16ApNec 600-20 6red_mask.tif,16ApNec 600-20 6violet_mask.tif,C:\Users\Modern\Desktop\Science stuff from the USB\23-12-2022 Vero on Matrixes\BatchConvert\Masks,C:\Users\Modern\Desktop\Science stuff from the USB\23-12-2022 Vero on Matrixes\BatchConvert\Masks,C:\Users\Modern\Desktop\Science stuff from the USB\23-12-2022 Vero on Matrixes\BatchConvert\Masks,C:\Users\Modern\Desktop\Science stuff from the USB\23-12-2022 Vero on Matrixes\BatchConvert\Masks
9,1,17ApNec 600-20 7green_mask.tif,17ApNec 600-20 7violet_orig.tif,17ApNec 600-20 7red_mask.tif,17ApNec 600-20 7violet_mask.tif,C:\Users\Modern\Desktop\Science stuff from the USB\23-12-2022 Vero on Matrixes\BatchConvert\Masks,C:\Users\Modern\Desktop\Science stuff from the USB\23-12-2022 Vero on Matrixes\BatchConvert\Masks,C:\Users\Modern\Desktop\Science stuff from the USB\23-12-2022 Vero on Matrixes\BatchConvert\Masks,C:\Users\Modern\Desktop\Science stuff from the USB\23-12-2022 Vero on Matrixes\BatchConvert\Masks
10,1,18ApNec 600-20 8green_mask.tif,18ApNec 600-20 8violet_orig.tif,18ApNec 600-20 8red_mask.tif,18ApNec 600-20 8violet_mask.tif,C:\Users\Modern\Desktop\Science stuff from the USB\23-12-2022 Vero on Matrixes\BatchConvert\Masks,C:\Users\Modern\Desktop\Science stuff from the USB\23-12-2022 Vero on Matrixes\BatchConvert\Masks,C:\Users\Modern\Desktop\Science stuff from the USB\23-12-2022 Vero on Matrixes\BatchConvert\Masks,C:\Users\Modern\Desktop\Science stuff from the USB\23-12-2022 Vero on Matrixes\BatchConvert\Masks
10,2,18ApNec 600-20 8green_mask.tif,18ApNec 600-20 8violet_orig.tif,18ApNec 600-20 8red_mask.tif,18ApNec 600-20 8violet_mask.tif,C:\Users\Modern\Desktop\Science stuff from the USB\23-12-2022 Vero on Matrixes\BatchConvert\Masks,C:\Users\Modern\Desktop\Science stuff from the USB\23-12-2022 Vero on Matrixes\BatchConvert\Masks,C:\Users\Modern\Desktop\Science stuff from the USB\23-12-2022 Vero on Matrixes\BatchConvert\Masks,C:\Users\Modern\Desktop\Science stuff from the USB\23-12-2022 Vero on Matrixes\BatchConvert\Masks
10,3,18ApNec 600-20 8green_mask.tif,18ApNec 600-20 8violet_orig.tif,18ApNec 600-20 8red_mask.tif,18ApNec 600-20 8violet_mask.tif,C:\Users\Modern\Desktop\Science stuff from the USB\23-12-2022 Vero on Matrixes\BatchConvert\Masks,C:\Users\Modern\Desktop\Science stuff from the USB\23-12-2022 Vero on Matrixes\BatchConvert\Masks,C:\Users\Modern\Desktop\Science stuff from the USB\23-12-2022 Vero on Matrixes\BatchConvert\Masks,C:\Users\Modern\Desktop\Science stuff from the USB\23-12-2022 Vero on Matrixes\BatchConvert\Masks
10,4,18ApNec 600-20 8green_mask.tif,18ApNec 600-20 8violet_orig.tif,18ApNec 600-20 8red_mask.tif,18ApNec 600-20 8violet_mask.tif,C:\Users\Modern\Desktop\Science stuff from the USB\23-12-2022 Vero on Matrixes\BatchConvert\Masks,C:\Users\Modern\Desktop\Science stuff from the USB\23-12-2022 Vero on Matrixes\BatchConvert\Masks,C:\Users\Modern\Desktop\Science stuff from the USB\23-12-2022 Vero on Matrixes\BatchConvert\Masks,C:\Users\Modern\Desktop\Science stuff from the USB\23-12-2022 Vero on Matrixes\BatchConvert\Masks
10,5,18ApNec 600-20 8green_mask.tif,18ApNec 600-20 8violet_orig.tif,18ApNec 600-20 8red_mask.tif,18ApNec 600-20 8violet_mask.tif,C:\Users\Modern\Desktop\Science stuff from the USB\23-12-2022 Vero on Matrixes\BatchConvert\Masks,C:\Users\Modern\Desktop\Science stuff from the USB\23-12-2022 Vero on Matrixes\BatchConvert\Masks,C:\Users\Modern\Desktop\Science stuff from the USB\23-12-2022 Vero on Matrixes\BatchConvert\Masks,C:\Users\Modern\Desktop\Science stuff from the USB\23-12-2022 Vero on Matrixes\BatchConvert\Masks
10,6,18ApNec 600-20 8green_mask.tif,18ApNec 600-20 8violet_orig.tif,18ApNec 600-20 8red_mask.tif,18ApNec 600-20 8violet_mask.tif,C:\Users\Modern\Desktop\Science stuff from the USB\23-12-2022 Vero on Matrixes\BatchConvert\Masks,C:\Users\Modern\Desktop\Science stuff from the USB\23-12-2022 Vero on Matrixes\BatchConvert\Masks,C:\Users\Modern\Desktop\Science stuff from the USB\23-12-2022 Vero on Matrixes\BatchConvert\Masks,C:\Users\Modern\Desktop\Science stuff from the USB\23-12-2022 Vero on Matrixes\BatchConvert\Masks
10,7,18ApNec 600-20 8green_mask.tif,18ApNec 600-20 8violet_orig.tif,18ApNec 600-20 8red_mask.tif,18ApNec 600-20 8violet_mask.tif,C:\Users\Modern\Desktop\Science stuff from the USB\23-12-2022 Vero on Matrixes\BatchConvert\Masks,C:\Users\Modern\Desktop\Science stuff from the USB\23-12-2022 Vero on Matrixes\BatchConvert\Masks,C:\Users\Modern\Desktop\Science stuff from the USB\23-12-2022 Vero on Matrixes\BatchConvert\Masks,C:\Users\Modern\Desktop\Science stuff from the USB\23-12-2022 Vero on Matrixes\BatchConvert\Masks
10,8,18ApNec 600-20 8green_mask.tif,18ApNec 600-20 8violet_orig.tif,18ApNec 600-20 8red_mask.tif,18ApNec 600-20 8violet_mask.tif,C:\Users\Modern\Desktop\Science stuff from the USB\23-12-2022 Vero on Matrixes\BatchConvert\Masks,C:\Users\Modern\Desktop\Science stuff from the USB\23-12-2022 Vero on Matrixes\BatchConvert\Masks,C:\Users\Modern\Desktop\Science stuff from the USB\23-12-2022 Vero on Matrixes\BatchConvert\Masks,C:\Users\Modern\Desktop\Science stuff from the USB\23-12-2022 Vero on Matrixes\BatchConvert\Masks
10,9,18ApNec 600-20 8green_mask.tif,18ApNec 600-20 8violet_orig.tif,18ApNec 600-20 8red_mask.tif,18ApNec 600-20 8violet_mask.tif,C:\Users\Modern\Desktop\Science stuff from the USB\23-12-2022 Vero on Matrixes\BatchConvert\Masks,C:\Users\Modern\Desktop\Science stuff from the USB\23-12-2022 Vero on Matrixes\BatchConvert\Masks,C:\Users\Modern\Desktop\Science stuff from the USB\23-12-2022 Vero on Matrixes\BatchConvert\Masks,C:\Users\Modern\Desktop\Science stuff from the USB\23-12-2022 Vero on Matrixes\BatchConvert\Masks
10,10,18ApNec 600-20 8green_mask.tif,18ApNec 600-20 8violet_orig.tif,18ApNec 600-20 8red_mask.tif,18ApNec 600-20 8violet_mask.tif,C:\Users\Modern\Desktop\Science stuff from the USB\23-12-2022 Vero on Matrixes\BatchConvert\Masks,C:\Users\Modern\Desktop\Science stuff from the USB\23-12-2022 Vero on Matrixes\BatchConvert\Masks,C:\Users\Modern\Desktop\Science stuff from the USB\23-12-2022 Vero on Matrixes\BatchConvert\Masks,C:\Users\Modern\Desktop\Science stuff from the USB\23-12-2022 Vero on Matrixes\BatchConvert\Masks
11,1,19ApNec 600-20 9green_mask.tif,19ApNec 600-20 9violet_orig.tif,19ApNec 600-20 9red_mask.tif,19ApNec 600-20 9violet_mask.tif,C:\Users\Modern\Desktop\Science stuff from the USB\23-12-2022 Vero on Matrixes\BatchConvert\Masks,C:\Users\Modern\Desktop\Science stuff from the USB\23-12-2022 Vero on Matrixes\BatchConvert\Masks,C:\Users\Modern\Desktop\Science stuff from the USB\23-12-2022 Vero on Matrixes\BatchConvert\Masks,C:\Users\Modern\Desktop\Science stuff from the USB\23-12-2022 Vero on Matrixes\BatchConvert\Masks
11,2,19ApNec 600-20 9green_mask.tif,19ApNec 600-20 9violet_orig.tif,19ApNec 600-20 9red_mask.tif,19ApNec 600-20 9violet_mask.tif,C:\Users\Modern\Desktop\Science stuff from the USB\23-12-2022 Vero on Matrixes\BatchConvert\Masks,C:\Users\Modern\Desktop\Science stuff from the USB\23-12-2022 Vero on Matrixes\BatchConvert\Masks,C:\Users\Modern\Desktop\Science stuff from the USB\23-12-2022 Vero on Matrixes\BatchConvert\Masks,C:\Users\Modern\Desktop\Science stuff from the USB\23-12-2022 Vero on Matrixes\BatchConvert\Masks
12,1,1ApNec 300-20 2green_mask.tif,1ApNec 300-20 2violet_orig.tif,1ApNec 300-20 2red_mask.tif,1ApNec 300-20 2violet_mask.tif,C:\Users\Modern\Desktop\Science stuff from the USB\23-12-2022 Vero on Matrixes\BatchConvert\Masks,C:\Users\Modern\Desktop\Science stuff from the USB\23-12-2022 Vero on Matrixes\BatchConvert\Masks,C:\Users\Modern\Desktop\Science stuff from the USB\23-12-2022 Vero on Matrixes\BatchConvert\Masks,C:\Users\Modern\Desktop\Science stuff from the USB\23-12-2022 Vero on Matrixes\BatchConvert\Masks
12,2,1ApNec 300-20 2green_mask.tif,1ApNec 300-20 2violet_orig.tif,1ApNec 300-20 2red_mask.tif,1ApNec 300-20 2violet_mask.tif,C:\Users\Modern\Desktop\Science stuff from the USB\23-12-2022 Vero on Matrixes\BatchConvert\Masks,C:\Users\Modern\Desktop\Science stuff from the USB\23-12-2022 Vero on Matrixes\BatchConvert\Masks,C:\Users\Modern\Desktop\Science stuff from the USB\23-12-2022 Vero on Matrixes\BatchConvert\Masks,C:\Users\Modern\Desktop\Science stuff from the USB\23-12-2022 Vero on Matrixes\BatchConvert\Masks
13,1,20ApNec 600-20 10green_mask.tif,20ApNec 600-20 10violet_orig.tif,20ApNec 600-20 10red_mask.tif,20ApNec 600-20 10violet_mask.tif,C:\Users\Modern\Desktop\Science stuff from the USB\23-12-2022 Vero on Matrixes\BatchConvert\Masks,C:\Users\Modern\Desktop\Science stuff from the USB\23-12-2022 Vero on Matrixes\BatchConvert\Masks,C:\Users\Modern\Desktop\Science stuff from the USB\23-12-2022 Vero on Matrixes\BatchConvert\Masks,C:\Users\Modern\Desktop\Science stuff from the USB\23-12-2022 Vero on Matrixes\BatchConvert\Masks
13,2,20ApNec 600-20 10green_mask.tif,20ApNec 600-20 10violet_orig.tif,20ApNec 600-20 10red_mask.tif,20ApNec 600-20 10violet_mask.tif,C:\Users\Modern\Desktop\Science stuff from the USB\23-12-2022 Vero on Matrixes\BatchConvert\Masks,C:\Users\Modern\Desktop\Science stuff from the USB\23-12-2022 Vero on Matrixes\BatchConvert\Masks,C:\Users\Modern\Desktop\Science stuff from the USB\23-12-2022 Vero on Matrixes\BatchConvert\Masks,C:\Users\Modern\Desktop\Science stuff from the USB\23-12-2022 Vero on Matrixes\BatchConvert\Masks
13,3,20ApNec 600-20 10green_mask.tif,20ApNec 600-20 10violet_orig.tif,20ApNec 600-20 10red_mask.tif,20ApNec 600-20 10violet_mask.tif,C:\Users\Modern\Desktop\Science stuff from the USB\23-12-2022 Vero on Matrixes\BatchConvert\Masks,C:\Users\Modern\Desktop\Science stuff from the USB\23-12-2022 Vero on Matrixes\BatchConvert\Masks,C:\Users\Modern\Desktop\Science stuff from the USB\23-12-2022 Vero on Matrixes\BatchConvert\Masks,C:\Users\Modern\Desktop\Science stuff from the USB\23-12-2022 Vero on Matrixes\BatchConvert\Masks
13,4,20ApNec 600-20 10green_mask.tif,20ApNec 600-20 10violet_orig.tif,20ApNec 600-20 10red_mask.tif,20ApNec 600-20 10violet_mask.tif,C:\Users\Modern\Desktop\Science stuff from the USB\23-12-2022 Vero on Matrixes\BatchConvert\Masks,C:\Users\Modern\Desktop\Science stuff from the USB\23-12-2022 Vero on Matrixes\BatchConvert\Masks,C:\Users\Modern\Desktop\Science stuff from the USB\23-12-2022 Vero on Matrixes\BatchConvert\Masks,C:\Users\Modern\Desktop\Science stuff from the USB\23-12-2022 Vero on Matrixes\BatchConvert\Masks
14,1,21ApNec 600-20 11green_mask.tif,21ApNec 600-20 11violet_orig.tif,21ApNec 600-20 11red_mask.tif,21ApNec 600-20 11violet_mask.tif,C:\Users\Modern\Desktop\Science stuff from the USB\23-12-2022 Vero on Matrixes\BatchConvert\Masks,C:\Users\Modern\Desktop\Science stuff from the USB\23-12-2022 Vero on Matrixes\BatchConvert\Masks,C:\Users\Modern\Desktop\Science stuff from the USB\23-12-2022 Vero on Matrixes\BatchConvert\Masks,C:\Users\Modern\Desktop\Science stuff from the USB\23-12-2022 Vero on Matrixes\BatchConvert\Masks
16,1,2ApNec 300-20 3green_mask.tif,2ApNec 300-20 3violet_orig.tif,2ApNec 300-20 3red_mask.tif,2ApNec 300-20 3violet_mask.tif,C:\Users\Modern\Desktop\Science stuff from the USB\23-12-2022 Vero on Matrixes\BatchConvert\Masks,C:\Users\Modern\Desktop\Science stuff from the USB\23-12-2022 Vero on Matrixes\BatchConvert\Masks,C:\Users\Modern\Desktop\Science stuff from the USB\23-12-2022 Vero on Matrixes\BatchConvert\Masks,C:\Users\Modern\Desktop\Science stuff from the USB\23-12-2022 Vero on Matrixes\BatchConvert\Masks
16,2,2ApNec 300-20 3green_mask.tif,2ApNec 300-20 3violet_orig.tif,2ApNec 300-20 3red_mask.tif,2ApNec 300-20 3violet_mask.tif,C:\Users\Modern\Desktop\Science stuff from the USB\23-12-2022 Vero on Matrixes\BatchConvert\Masks,C:\Users\Modern\Desktop\Science stuff from the USB\23-12-2022 Vero on Matrixes\BatchConvert\Masks,C:\Users\Modern\Desktop\Science stuff from the USB\23-12-2022 Vero on Matrixes\BatchConvert\Masks,C:\Users\Modern\Desktop\Science stuff from the USB\23-12-2022 Vero on Matrixes\BatchConvert\Masks
16,3,2ApNec 300-20 3green_mask.tif,2ApNec 300-20 3violet_orig.tif,2ApNec 300-20 3red_mask.tif,2ApNec 300-20 3violet_mask.tif,C:\Users\Modern\Desktop\Science stuff from the USB\23-12-2022 Vero on Matrixes\BatchConvert\Masks,C:\Users\Modern\Desktop\Science stuff from the USB\23-12-2022 Vero on Matrixes\BatchConvert\Masks,C:\Users\Modern\Desktop\Science stuff from the USB\23-12-2022 Vero on Matrixes\BatchConvert\Masks,C:\Users\Modern\Desktop\Science stuff from the USB\23-12-2022 Vero on Matrixes\BatchConvert\Masks
16,4,2ApNec 300-20 3green_mask.tif,2ApNec 300-20 3violet_orig.tif,2ApNec 300-20 3red_mask.tif,2ApNec 300-20 3violet_mask.tif,C:\Users\Modern\Desktop\Science stuff from the USB\23-12-2022 Vero on Matrixes\BatchConvert\Masks,C:\Users\Modern\Desktop\Science stuff from the USB\23-12-2022 Vero on Matrixes\BatchConvert\Masks,C:\Users\Modern\Desktop\Science stuff from the USB\23-12-2022 Vero on Matrixes\BatchConvert\Masks,C:\Users\Modern\Desktop\Science stuff from the USB\23-12-2022 Vero on Matrixes\BatchConvert\Masks
17,1,3ApNec 300-20 4green_mask.tif,3ApNec 300-20 4violet_orig.tif,3ApNec 300-20 4red_mask.tif,3ApNec 300-20 4violet_mask.tif,C:\Users\Modern\Desktop\Science stuff from the USB\23-12-2022 Vero on Matrixes\BatchConvert\Masks,C:\Users\Modern\Desktop\Science stuff from the USB\23-12-2022 Vero on Matrixes\BatchConvert\Masks,C:\Users\Modern\Desktop\Science stuff from the USB\23-12-2022 Vero on Matrixes\BatchConvert\Masks,C:\Users\Modern\Desktop\Science stuff from the USB\23-12-2022 Vero on Matrixes\BatchConvert\Masks
17,2,3ApNec 300-20 4green_mask.tif,3ApNec 300-20 4violet_orig.tif,3ApNec 300-20 4red_mask.tif,3ApNec 300-20 4violet_mask.tif,C:\Users\Modern\Desktop\Science stuff from the USB\23-12-2022 Vero on Matrixes\BatchConvert\Masks,C:\Users\Modern\Desktop\Science stuff from the USB\23-12-2022 Vero on Matrixes\BatchConvert\Masks,C:\Users\Modern\Desktop\Science stuff from the USB\23-12-2022 Vero on Matrixes\BatchConvert\Masks,C:\Users\Modern\Desktop\Science stuff from the USB\23-12-2022 Vero on Matrixes\BatchConvert\Masks
17,3,3ApNec 300-20 4green_mask.tif,3ApNec 300-20 4violet_orig.tif,3ApNec 300-20 4red_mask.tif,3ApNec 300-20 4violet_mask.tif,C:\Users\Modern\Desktop\Science stuff from the USB\23-12-2022 Vero on Matrixes\BatchConvert\Masks,C:\Users\Modern\Desktop\Science stuff from the USB\23-12-2022 Vero on Matrixes\BatchConvert\Masks,C:\Users\Modern\Desktop\Science stuff from the USB\23-12-2022 Vero on Matrixes\BatchConvert\Masks,C:\Users\Modern\Desktop\Science stuff from the USB\23-12-2022 Vero on Matrixes\BatchConvert\Masks
17,4,3ApNec 300-20 4green_mask.tif,3ApNec 300-20 4violet_orig.tif,3ApNec 300-20 4red_mask.tif,3ApNec 300-20 4violet_mask.tif,C:\Users\Modern\Desktop\Science stuff from the USB\23-12-2022 Vero on Matrixes\BatchConvert\Masks,C:\Users\Modern\Desktop\Science stuff from the USB\23-12-2022 Vero on Matrixes\BatchConvert\Masks,C:\Users\Modern\Desktop\Science stuff from the USB\23-12-2022 Vero on Matrixes\BatchConvert\Masks,C:\Users\Modern\Desktop\Science stuff from the USB\23-12-2022 Vero on Matrixes\BatchConvert\Masks
18,1,4ApNec 300-20 5green_mask.tif,4ApNec 300-20 5violet_orig.tif,4ApNec 300-20 5red_mask.tif,4ApNec 300-20 5violet_mask.tif,C:\Users\Modern\Desktop\Science stuff from the USB\23-12-2022 Vero on Matrixes\BatchConvert\Masks,C:\Users\Modern\Desktop\Science stuff from the USB\23-12-2022 Vero on Matrixes\BatchConvert\Masks,C:\Users\Modern\Desktop\Science stuff from the USB\23-12-2022 Vero on Matrixes\BatchConvert\Masks,C:\Users\Modern\Desktop\Science stuff from the USB\23-12-2022 Vero on Matrixes\BatchConvert\Masks
18,2,4ApNec 300-20 5green_mask.tif,4ApNec 300-20 5violet_orig.tif,4ApNec 300-20 5red_mask.tif,4ApNec 300-20 5violet_mask.tif,C:\Users\Modern\Desktop\Science stuff from the USB\23-12-2022 Vero on Matrixes\BatchConvert\Masks,C:\Users\Modern\Desktop\Science stuff from the USB\23-12-2022 Vero on Matrixes\BatchConvert\Masks,C:\Users\Modern\Desktop\Science stuff from the USB\23-12-2022 Vero on Matrixes\BatchConvert\Masks,C:\Users\Modern\Desktop\Science stuff from the USB\23-12-2022 Vero on Matrixes\BatchConvert\Masks
18,3,4ApNec 300-20 5green_mask.tif,4ApNec 300-20 5violet_orig.tif,4ApNec 300-20 5red_mask.tif,4ApNec 300-20 5violet_mask.tif,C:\Users\Modern\Desktop\Science stuff from the USB\23-12-2022 Vero on Matrixes\BatchConvert\Masks,C:\Users\Modern\Desktop\Science stuff from the USB\23-12-2022 Vero on Matrixes\BatchConvert\Masks,C:\Users\Modern\Desktop\Science stuff from the USB\23-12-2022 Vero on Matrixes\BatchConvert\Masks,C:\Users\Modern\Desktop\Science stuff from the USB\23-12-2022 Vero on Matrixes\BatchConvert\Masks
18,4,4ApNec 300-20 5green_mask.tif,4ApNec 300-20 5violet_orig.tif,4ApNec 300-20 5red_mask.tif,4ApNec 300-20 5violet_mask.tif,C:\Users\Modern\Desktop\Science stuff from the USB\23-12-2022 Vero on Matrixes\BatchConvert\Masks,C:\Users\Modern\Desktop\Science stuff from the USB\23-12-2022 Vero on Matrixes\BatchConvert\Masks,C:\Users\Modern\Desktop\Science stuff from the USB\23-12-2022 Vero on Matrixes\BatchConvert\Masks,C:\Users\Modern\Desktop\Science stuff from the USB\23-12-2022 Vero on Matrixes\BatchConvert\Masks
18,5,4ApNec 300-20 5green_mask.tif,4ApNec 300-20 5violet_orig.tif,4ApNec 300-20 5red_mask.tif,4ApNec 300-20 5violet_mask.tif,C:\Users\Modern\Desktop\Science stuff from the USB\23-12-2022 Vero on Matrixes\BatchConvert\Masks,C:\Users\Modern\Desktop\Science stuff from the USB\23-12-2022 Vero on Matrixes\BatchConvert\Masks,C:\Users\Modern\Desktop\Science stuff from the USB\23-12-2022 Vero on Matrixes\BatchConvert\Masks,C:\Users\Modern\Desktop\Science stuff from the USB\23-12-2022 Vero on Matrixes\BatchConvert\Masks
18,6,4ApNec 300-20 5green_mask.tif,4ApNec 300-20 5violet_orig.tif,4ApNec 300-20 5red_mask.tif,4ApNec 300-20 5violet_mask.tif,C:\Users\Modern\Desktop\Science stuff from the USB\23-12-2022 Vero on Matrixes\BatchConvert\Masks,C:\Users\Modern\Desktop\Science stuff from the USB\23-12-2022 Vero on Matrixes\BatchConvert\Masks,C:\Users\Modern\Desktop\Science stuff from the USB\23-12-2022 Vero on Matrixes\BatchConvert\Masks,C:\Users\Modern\Desktop\Science stuff from the USB\23-12-2022 Vero on Matrixes\BatchConvert\Masks
18,7,4ApNec 300-20 5green_mask.tif,4ApNec 300-20 5violet_orig.tif,4ApNec 300-20 5red_mask.tif,4ApNec 300-20 5violet_mask.tif,C:\Users\Modern\Desktop\Science stuff from the USB\23-12-2022 Vero on Matrixes\BatchConvert\Masks,C:\Users\Modern\Desktop\Science stuff from the USB\23-12-2022 Vero on Matrixes\BatchConvert\Masks,C:\Users\Modern\Desktop\Science stuff from the USB\23-12-2022 Vero on Matrixes\BatchConvert\Masks,C:\Users\Modern\Desktop\Science stuff from the USB\23-12-2022 Vero on Matrixes\BatchConvert\Masks
18,8,4ApNec 300-20 5green_mask.tif,4ApNec 300-20 5violet_orig.tif,4ApNec 300-20 5red_mask.tif,4ApNec 300-20 5violet_mask.tif,C:\Users\Modern\Desktop\Science stuff from the USB\23-12-2022 Vero on Matrixes\BatchConvert\Masks,C:\Users\Modern\Desktop\Science stuff from the USB\23-12-2022 Vero on Matrixes\BatchConvert\Masks,C:\Users\Modern\Desktop\Science stuff from the USB\23-12-2022 Vero on Matrixes\BatchConvert\Masks,C:\Users\Modern\Desktop\Science stuff from the USB\23-12-2022 Vero on Matrixes\BatchConvert\Masks
18,9,4ApNec 300-20 5green_mask.tif,4ApNec 300-20 5violet_orig.tif,4ApNec 300-20 5red_mask.tif,4ApNec 300-20 5violet_mask.tif,C:\Users\Modern\Desktop\Science stuff from the USB\23-12-2022 Vero on Matrixes\BatchConvert\Masks,C:\Users\Modern\Desktop\Science stuff from the USB\23-12-2022 Vero on Matrixes\BatchConvert\Masks,C:\Users\Modern\Desktop\Science stuff from the USB\23-12-2022 Vero on Matrixes\BatchConvert\Masks,C:\Users\Modern\Desktop\Science stuff from the USB\23-12-2022 Vero on Matrixes\BatchConvert\Masks
19,1,5ApNec 300-20 6green_mask.tif,5ApNec 300-20 6violet_orig.tif,5ApNec 300-20 6red_mask.tif,5ApNec 300-20 6violet_mask.tif,C:\Users\Modern\Desktop\Science stuff from the USB\23-12-2022 Vero on Matrixes\BatchConvert\Masks,C:\Users\Modern\Desktop\Science stuff from the USB\23-12-2022 Vero on Matrixes\BatchConvert\Masks,C:\Users\Modern\Desktop\Science stuff from the USB\23-12-2022 Vero on Matrixes\BatchConvert\Masks,C:\Users\Modern\Desktop\Science stuff from the USB\23-12-2022 Vero on Matrixes\BatchConvert\Masks
19,2,5ApNec 300-20 6green_mask.tif,5ApNec 300-20 6violet_orig.tif,5ApNec 300-20 6red_mask.tif,5ApNec 300-20 6violet_mask.tif,C:\Users\Modern\Desktop\Science stuff from the USB\23-12-2022 Vero on Matrixes\BatchConvert\Masks,C:\Users\Modern\Desktop\Science stuff from the USB\23-12-2022 Vero on Matrixes\BatchConvert\Masks,C:\Users\Modern\Desktop\Science stuff from the USB\23-12-2022 Vero on Matrixes\BatchConvert\Masks,C:\Users\Modern\Desktop\Science stuff from the USB\23-12-2022 Vero on Matrixes\BatchConvert\Masks
19,3,5ApNec 300-20 6green_mask.tif,5ApNec 300-20 6violet_orig.tif,5ApNec 300-20 6red_mask.tif,5ApNec 300-20 6violet_mask.tif,C:\Users\Modern\Desktop\Science stuff from the USB\23-12-2022 Vero on Matrixes\BatchConvert\Masks,C:\Users\Modern\Desktop\Science stuff from the USB\23-12-2022 Vero on Matrixes\BatchConvert\Masks,C:\Users\Modern\Desktop\Science stuff from the USB\23-12-2022 Vero on Matrixes\BatchConvert\Masks,C:\Users\Modern\Desktop\Science stuff from the USB\23-12-2022 Vero on Matrixes\BatchConvert\Masks
19,4,5ApNec 300-20 6green_mask.tif,5ApNec 300-20 6violet_orig.tif,5ApNec 300-20 6red_mask.tif,5ApNec 300-20 6violet_mask.tif,C:\Users\Modern\Desktop\Science stuff from the USB\23-12-2022 Vero on Matrixes\BatchConvert\Masks,C:\Users\Modern\Desktop\Science stuff from the USB\23-12-2022 Vero on Matrixes\BatchConvert\Masks,C:\Users\Modern\Desktop\Science stuff from the USB\23-12-2022 Vero on Matrixes\BatchConvert\Masks,C:\Users\Modern\Desktop\Science stuff from the USB\23-12-2022 Vero on Matrixes\BatchConvert\Masks
19,5,5ApNec 300-20 6green_mask.tif,5ApNec 300-20 6violet_orig.tif,5ApNec 300-20 6red_mask.tif,5ApNec 300-20 6violet_mask.tif,C:\Users\Modern\Desktop\Science stuff from the USB\23-12-2022 Vero on Matrixes\BatchConvert\Masks,C:\Users\Modern\Desktop\Science stuff from the USB\23-12-2022 Vero on Matrixes\BatchConvert\Masks,C:\Users\Modern\Desktop\Science stuff from the USB\23-12-2022 Vero on Matrixes\BatchConvert\Masks,C:\Users\Modern\Desktop\Science stuff from the USB\23-12-2022 Vero on Matrixes\BatchConvert\Masks
19,6,5ApNec 300-20 6green_mask.tif,5ApNec 300-20 6violet_orig.tif,5ApNec 300-20 6red_mask.tif,5ApNec 300-20 6violet_mask.tif,C:\Users\Modern\Desktop\Science stuff from the USB\23-12-2022 Vero on Matrixes\BatchConvert\Masks,C:\Users\Modern\Desktop\Science stuff from the USB\23-12-2022 Vero on Matrixes\BatchConvert\Masks,C:\Users\Modern\Desktop\Science stuff from the USB\23-12-2022 Vero on Matrixes\BatchConvert\Masks,C:\Users\Modern\Desktop\Science stuff from the USB\23-12-2022 Vero on Matrixes\BatchConvert\Masks
19,7,5ApNec 300-20 6green_mask.tif,5ApNec 300-20 6violet_orig.tif,5ApNec 300-20 6red_mask.tif,5ApNec 300-20 6violet_mask.tif,C:\Users\Modern\Desktop\Science stuff from the USB\23-12-2022 Vero on Matrixes\BatchConvert\Masks,C:\Users\Modern\Desktop\Science stuff from the USB\23-12-2022 Vero on Matrixes\BatchConvert\Masks,C:\Users\Modern\Desktop\Science stuff from the USB\23-12-2022 Vero on Matrixes\BatchConvert\Masks,C:\Users\Modern\Desktop\Science stuff from the USB\23-12-2022 Vero on Matrixes\BatchConvert\Masks
20,1,6ApNec 300-20 7green_mask.tif,6ApNec 300-20 7violet_orig.tif,6ApNec 300-20 7red_mask.tif,6ApNec 300-20 7violet_mask.tif,C:\Users\Modern\Desktop\Science stuff from the USB\23-12-2022 Vero on Matrixes\BatchConvert\Masks,C:\Users\Modern\Desktop\Science stuff from the USB\23-12-2022 Vero on Matrixes\BatchConvert\Masks,C:\Users\Modern\Desktop\Science stuff from the USB\23-12-2022 Vero on Matrixes\BatchConvert\Masks,C:\Users\Modern\Desktop\Science stuff from the USB\23-12-2022 Vero on Matrixes\BatchConvert\Masks
20,2,6ApNec 300-20 7green_mask.tif,6ApNec 300-20 7violet_orig.tif,6ApNec 300-20 7red_mask.tif,6ApNec 300-20 7violet_mask.tif,C:\Users\Modern\Desktop\Science stuff from the USB\23-12-2022 Vero on Matrixes\BatchConvert\Masks,C:\Users\Modern\Desktop\Science stuff from the USB\23-12-2022 Vero on Matrixes\BatchConvert\Masks,C:\Users\Modern\Desktop\Science stuff from the USB\23-12-2022 Vero on Matrixes\BatchConvert\Masks,C:\Users\Modern\Desktop\Science stuff from the USB\23-12-2022 Vero on Matrixes\BatchConvert\Masks
20,3,6ApNec 300-20 7green_mask.tif,6ApNec 300-20 7violet_orig.tif,6ApNec 300-20 7red_mask.tif,6ApNec 300-20 7violet_mask.tif,C:\Users\Modern\Desktop\Science stuff from the USB\23-12-2022 Vero on Matrixes\BatchConvert\Masks,C:\Users\Modern\Desktop\Science stuff from the USB\23-12-2022 Vero on Matrixes\BatchConvert\Masks,C:\Users\Modern\Desktop\Science stuff from the USB\23-12-2022 Vero on Matrixes\BatchConvert\Masks,C:\Users\Modern\Desktop\Science stuff from the USB\23-12-2022 Vero on Matrixes\BatchConvert\Masks
20,4,6ApNec 300-20 7green_mask.tif,6ApNec 300-20 7violet_orig.tif,6ApNec 300-20 7red_mask.tif,6ApNec 300-20 7violet_mask.tif,C:\Users\Modern\Desktop\Science stuff from the USB\23-12-2022 Vero on Matrixes\BatchConvert\Masks,C:\Users\Modern\Desktop\Science stuff from the USB\23-12-2022 Vero on Matrixes\BatchConvert\Masks,C:\Users\Modern\Desktop\Science stuff from the USB\23-12-2022 Vero on Matrixes\BatchConvert\Masks,C:\Users\Modern\Desktop\Science stuff from the USB\23-12-2022 Vero on Matrixes\BatchConvert\Masks
20,5,6ApNec 300-20 7green_mask.tif,6ApNec 300-20 7violet_orig.tif,6ApNec 300-20 7red_mask.tif,6ApNec 300-20 7violet_mask.tif,C:\Users\Modern\Desktop\Science stuff from the USB\23-12-2022 Vero on Matrixes\BatchConvert\Masks,C:\Users\Modern\Desktop\Science stuff from the USB\23-12-2022 Vero on Matrixes\BatchConvert\Masks,C:\Users\Modern\Desktop\Science stuff from the USB\23-12-2022 Vero on Matrixes\BatchConvert\Masks,C:\Users\Modern\Desktop\Science stuff from the USB\23-12-2022 Vero on Matrixes\BatchConvert\Masks
20,6,6ApNec 300-20 7green_mask.tif,6ApNec 300-20 7violet_orig.tif,6ApNec 300-20 7red_mask.tif,6ApNec 300-20 7violet_mask.tif,C:\Users\Modern\Desktop\Science stuff from the USB\23-12-2022 Vero on Matrixes\BatchConvert\Masks,C:\Users\Modern\Desktop\Science stuff from the USB\23-12-2022 Vero on Matrixes\BatchConvert\Masks,C:\Users\Modern\Desktop\Science stuff from the USB\23-12-2022 Vero on Matrixes\BatchConvert\Masks,C:\Users\Modern\Desktop\Science stuff from the USB\23-12-2022 Vero on Matrixes\BatchConvert\Masks
20,7,6ApNec 300-20 7green_mask.tif,6ApNec 300-20 7violet_orig.tif,6ApNec 300-20 7red_mask.tif,6ApNec 300-20 7violet_mask.tif,C:\Users\Modern\Desktop\Science stuff from the USB\23-12-2022 Vero on Matrixes\BatchConvert\Masks,C:\Users\Modern\Desktop\Science stuff from the USB\23-12-2022 Vero on Matrixes\BatchConvert\Masks,C:\Users\Modern\Desktop\Science stuff from the USB\23-12-2022 Vero on Matrixes\BatchConvert\Masks,C:\Users\Modern\Desktop\Science stuff from the USB\23-12-2022 Vero on Matrixes\BatchConvert\Masks
21,1,7ApNec 300-20 8green_mask.tif,7ApNec 300-20 8violet_orig.tif,7ApNec 300-20 8red_mask.tif,7ApNec 300-20 8violet_mask.tif,C:\Users\Modern\Desktop\Science stuff from the USB\23-12-2022 Vero on Matrixes\BatchConvert\Masks,C:\Users\Modern\Desktop\Science stuff from the USB\23-12-2022 Vero on Matrixes\BatchConvert\Masks,C:\Users\Modern\Desktop\Science stuff from the USB\23-12-2022 Vero on Matrixes\BatchConvert\Masks,C:\Users\Modern\Desktop\Science stuff from the USB\23-12-2022 Vero on Matrixes\BatchConvert\Masks
21,2,7ApNec 300-20 8green_mask.tif,7ApNec 300-20 8violet_orig.tif,7ApNec 300-20 8red_mask.tif,7ApNec 300-20 8violet_mask.tif,C:\Users\Modern\Desktop\Science stuff from the USB\23-12-2022 Vero on Matrixes\BatchConvert\Masks,C:\Users\Modern\Desktop\Science stuff from the USB\23-12-2022 Vero on Matrixes\BatchConvert\Masks,C:\Users\Modern\Desktop\Science stuff from the USB\23-12-2022 Vero on Matrixes\BatchConvert\Masks,C:\Users\Modern\Desktop\Science stuff from the USB\23-12-2022 Vero on Matrixes\BatchConvert\Masks
22,1,8ApNec 300-20 9green_mask.tif,8ApNec 300-20 9violet_orig.tif,8ApNec 300-20 9red_mask.tif,8ApNec 300-20 9violet_mask.tif,C:\Users\Modern\Desktop\Science stuff from the USB\23-12-2022 Vero on Matrixes\BatchConvert\Masks,C:\Users\Modern\Desktop\Science stuff from the USB\23-12-2022 Vero on Matrixes\BatchConvert\Masks,C:\Users\Modern\Desktop\Science stuff from the USB\23-12-2022 Vero on Matrixes\BatchConvert\Masks,C:\Users\Modern\Desktop\Science stuff from the USB\23-12-2022 Vero on Matrixes\BatchConvert\Masks
22,2,8ApNec 300-20 9green_mask.tif,8ApNec 300-20 9violet_orig.tif,8ApNec 300-20 9red_mask.tif,8ApNec 300-20 9violet_mask.tif,C:\Users\Modern\Desktop\Science stuff from the USB\23-12-2022 Vero on Matrixes\BatchConvert\Masks,C:\Users\Modern\Desktop\Science stuff from the USB\23-12-2022 Vero on Matrixes\BatchConvert\Masks,C:\Users\Modern\Desktop\Science stuff from the USB\23-12-2022 Vero on Matrixes\BatchConvert\Masks,C:\Users\Modern\Desktop\Science stuff from the USB\23-12-2022 Vero on Matrixes\BatchConvert\Masks
22,3,8ApNec 300-20 9green_mask.tif,8ApNec 300-20 9violet_orig.tif,8ApNec 300-20 9red_mask.tif,8ApNec 300-20 9violet_mask.tif,C:\Users\Modern\Desktop\Science stuff from the USB\23-12-2022 Vero on Matrixes\BatchConvert\Masks,C:\Users\Modern\Desktop\Science stuff from the USB\23-12-2022 Vero on Matrixes\BatchConvert\Masks,C:\Users\Modern\Desktop\Science stuff from the USB\23-12-2022 Vero on Matrixes\BatchConvert\Masks,C:\Users\Modern\Desktop\Science stuff from the USB\23-12-2022 Vero on Matrixes\BatchConvert\Masks
23,1,9ApNec 300-20 10green_mask.tif,9ApNec 300-20 10violet_orig.tif,9ApNec 300-20 10red_mask.tif,9ApNec 300-20 10violet_mask.tif,C:\Users\Modern\Desktop\Science stuff from the USB\23-12-2022 Vero on Matrixes\BatchConvert\Masks,C:\Users\Modern\Desktop\Science stuff from the USB\23-12-2022 Vero on Matrixes\BatchConvert\Masks,C:\Users\Modern\Desktop\Science stuff from the USB\23-12-2022 Vero on Matrixes\BatchConvert\Masks,C:\Users\Modern\Desktop\Science stuff from the USB\23-12-2022 Vero on Matrixes\BatchConvert\Masks
23,2,9ApNec 300-20 10green_mask.tif,9ApNec 300-20 10violet_orig.tif,9ApNec 300-20 10red_mask.tif,9ApNec 300-20 10violet_mask.tif,C:\Users\Modern\Desktop\Science stuff from the USB\23-12-2022 Vero on Matrixes\BatchConvert\Masks,C:\Users\Modern\Desktop\Science stuff from the USB\23-12-2022 Vero on Matrixes\BatchConvert\Masks,C:\Users\Modern\Desktop\Science stuff from the USB\23-12-2022 Vero on Matrixes\BatchConvert\Masks,C:\Users\Modern\Desktop\Science stuff from the USB\23-12-2022 Vero on Matrixes\BatchConvert\Masks
23,3,9ApNec 300-20 10green_mask.tif,9ApNec 300-20 10violet_orig.tif,9ApNec 300-20 10red_mask.tif,9ApNec 300-20 10violet_mask.tif,C:\Users\Modern\Desktop\Science stuff from the USB\23-12-2022 Vero on Matrixes\BatchConvert\Masks,C:\Users\Modern\Desktop\Science stuff from the USB\23-12-2022 Vero on Matrixes\BatchConvert\Masks,C:\Users\Modern\Desktop\Science stuff from the USB\23-12-2022 Vero on Matrixes\BatchConvert\Masks,C:\Users\Modern\Desktop\Science stuff from the USB\23-12-2022 Vero on Matrixes\BatchConvert\Masks
23,4,9ApNec 300-20 10green_mask.tif,9ApNec 300-20 10violet_orig.tif,9ApNec 300-20 10red_mask.tif,9ApNec 300-20 10violet_mask.tif,C:\Users\Modern\Desktop\Science stuff from the USB\23-12-2022 Vero on Matrixes\BatchConvert\Masks,C:\Users\Modern\Desktop\Science stuff from the USB\23-12-2022 Vero on Matrixes\BatchConvert\Masks,C:\Users\Modern\Desktop\Science stuff from the USB\23-12-2022 Vero on Matrixes\BatchConvert\Masks,C:\Users\Modern\Desktop\Science stuff from the USB\23-12-2022 Vero on Matrixes\BatchConvert\Masks
23,5,9ApNec 300-20 10green_mask.tif,9ApNec 300-20 10violet_orig.tif,9ApNec 300-20 10red_mask.tif,9ApNec 300-20 10violet_mask.tif,C:\Users\Modern\Desktop\Science stuff from the USB\23-12-2022 Vero on Matrixes\BatchConvert\Masks,C:\Users\Modern\Desktop\Science stuff from the USB\23-12-2022 Vero on Matrixes\BatchConvert\Masks,C:\Users\Modern\Desktop\Science stuff from the USB\23-12-2022 Vero on Matrixes\BatchConvert\Masks,C:\Users\Modern\Desktop\Science stuff from the USB\23-12-2022 Vero on Matrixes\BatchConvert\Masks
23,6,9ApNec 300-20 10green_mask.tif,9ApNec 300-20 10violet_orig.tif,9ApNec 300-20 10red_mask.tif,9ApNec 300-20 10violet_mask.tif,C:\Users\Modern\Desktop\Science stuff from the USB\23-12-2022 Vero on Matrixes\BatchConvert\Masks,C:\Users\Modern\Desktop\Science stuff from the USB\23-12-2022 Vero on Matrixes\BatchConvert\Masks,C:\Users\Modern\Desktop\Science stuff from the USB\23-12-2022 Vero on Matrixes\BatchConvert\Masks,C:\Users\Modern\Desktop\Science stuff from the USB\23-12-2022 Vero on Matrixes\BatchConvert\Masks
23,7,9ApNec 300-20 10green_mask.tif,9ApNec 300-20 10violet_orig.tif,9ApNec 300-20 10red_mask.tif,9ApNec 300-20 10violet_mask.tif,C:\Users\Modern\Desktop\Science stuff from the USB\23-12-2022 Vero on Matrixes\BatchConvert\Masks,C:\Users\Modern\Desktop\Science stuff from the USB\23-12-2022 Vero on Matrixes\BatchConvert\Masks,C:\Users\Modern\Desktop\Science stuff from the USB\23-12-2022 Vero on Matrixes\BatchConvert\Masks,C:\Users\Modern\Desktop\Science stuff from the USB\23-12-2022 Vero on Matrixes\BatchConvert\Masks
23,8,9ApNec 300-20 10green_mask.tif,9ApNec 300-20 10violet_orig.tif,9ApNec 300-20 10red_mask.tif,9ApNec 300-20 10violet_mask.tif,C:\Users\Modern\Desktop\Science stuff from the USB\23-12-2022 Vero on Matrixes\BatchConvert\Masks,C:\Users\Modern\Desktop\Science stuff from the USB\23-12-2022 Vero on Matrixes\BatchConvert\Masks,C:\Users\Modern\Desktop\Science stuff from the USB\23-12-2022 Vero on Matrixes\BatchConvert\Masks,C:\Users\Modern\Desktop\Science stuff from the USB\23-12-2022 Vero on Matrixes\BatchConvert\Masks
23,9,9ApNec 300-20 10green_mask.tif,9ApNec 300-20 10violet_orig.tif,9ApNec 300-20 10red_mask.tif,9ApNec 300-20 10violet_mask.tif,C:\Users\Modern\Desktop\Science stuff from the USB\23-12-2022 Vero on Matrixes\BatchConvert\Masks,C:\Users\Modern\Desktop\Science stuff from the USB\23-12-2022 Vero on Matrixes\BatchConvert\Masks,C:\Users\Modern\Desktop\Science stuff from the USB\23-12-2022 Vero on Matrixes\BatchConvert\Masks,C:\Users\Modern\Desktop\Science stuff from the USB\23-12-2022 Vero on Matrixes\BatchConvert\Masks
23,10,9ApNec 300-20 10green_mask.tif,9ApNec 300-20 10violet_orig.tif,9ApNec 300-20 10red_mask.tif,9ApNec 300-20 10violet_mask.tif,C:\Users\Modern\Desktop\Science stuff from the USB\23-12-2022 Vero on Matrixes\BatchConvert\Masks,C:\Users\Modern\Desktop\Science stuff from the USB\23-12-2022 Vero on Matrixes\BatchConvert\Masks,C:\Users\Modern\Desktop\Science stuff from the USB\23-12-2022 Vero on Matrixes\BatchConvert\Masks,C:\Users\Modern\Desktop\Science stuff from the USB\23-12-2022 Vero on Matrixes\BatchConvert\Masks
