ImageNumber,ObjectNumber,FileName_Green_mask,FileName_Original,FileName_Red_mask,FileName_Violet_mask,PathName_Green_mask,PathName_Original,PathName_Red_mask,PathName_Violet_mask,Location_Center_X,Location_Center_Y,Location_Center_Z,Number_Object_Number
1,1,0ApNec 300-20 1green_mask.tif,0ApNec 300-20 1violet_orig.tif,0ApNec 300-20 1red_mask.tif,0ApNec 300-20 1violet_mask.tif,C:\Users\Modern\Desktop\Science stuff from the USB\23-12-2022 Vero on Matrixes\BatchConvert\Masks,C:\Users\Modern\Desktop\Science stuff from the USB\23-12-2022 Vero on Matrixes\BatchConvert\Masks,C:\Users\Modern\Desktop\Science stuff from the USB\23-12-2022 Vero on Matrixes\BatchConvert\Masks,C:\Users\Modern\Desktop\Science stuff from the USB\23-12-2022 Vero on Matrixes\BatchConvert\Masks,899.5702005730659,147.52722063037248,0,1
1,2,0ApNec 300-20 1green_mask.tif,0ApNec 300-20 1violet_orig.tif,0ApNec 300-20 1red_mask.tif,0ApNec 300-20 1violet_mask.tif,C:\Users\Modern\Desktop\Science stuff from the USB\23-12-2022 Vero on Matrixes\BatchConvert\Masks,C:\Users\Modern\Desktop\Science stuff from the USB\23-12-2022 Vero on Matrixes\BatchConvert\Masks,C:\Users\Modern\Desktop\Science stuff from the USB\23-12-2022 Vero on Matrixes\BatchConvert\Masks,C:\Users\Modern\Desktop\Science stuff from the USB\23-12-2022 Vero on Matrixes\BatchConvert\Masks,1001.442996742671,146.63517915309447,0,2
1,3,0ApNec 300-20 1green_mask.tif,0ApNec 300-20 1violet_orig.tif,0ApNec 300-20 1red_mask.tif,0ApNec 300-20 1violet_mask.tif,C:\Users\Modern\Desktop\Science stuff from the USB\23-12-2022 Vero on Matrixes\BatchConvert\Masks,C:\Users\Modern\Desktop\Science stuff from the USB\23-12-2022 Vero on Matrixes\BatchConvert\Masks,C:\Users\Modern\Desktop\Science stuff from the USB\23-12-2022 Vero on Matrixes\BatchConvert\Masks,C:\Users\Modern\Desktop\Science stuff from the USB\23-12-2022 Vero on Matrixes\BatchConvert\Masks,105.0010101010101,149.01111111111112,0,3
1,4,0ApNec 300-20 1green_mask.tif,0ApNec 300-20 1violet_orig.tif,0ApNec 300-20 1red_mask.tif,0ApNec 300-20 1violet_mask.tif,C:\Users\Modern\Desktop\Science stuff from the USB\23-12-2022 Vero on Matrixes\BatchConvert\Masks,C:\Users\Modern\Desktop\Science stuff from the USB\23-12-2022 Vero on Matrixes\BatchConvert\Masks,C:\Users\Modern\Desktop\Science stuff from the USB\23-12-2022 Vero on Matrixes\BatchConvert\Masks,C:\Users\Modern\Desktop\Science stuff from the USB\23-12-2022 Vero on Matrixes\BatchConvert\Masks,1264.146218487395,291.7546218487395,0,4
1,5,0ApNec 300-20 1green_mask.tif,0ApNec 300-20 1violet_orig.tif,0ApNec 300-20 1red_mask.tif,0ApNec 300-20 1violet_mask.tif,C:\Users\Modern\Desktop\Science stuff from the USB\23-12-2022 Vero on Matrixes\BatchConvert\Masks,C:\Users\Modern\Desktop\Science stuff from the USB\23-12-2022 Vero on Matrixes\BatchConvert\Masks,C:\Users\Modern\Desktop\Science stuff from the USB\23-12-2022 Vero on Matrixes\BatchConvert\Masks,C:\Users\Modern\Desktop\Science stuff from the USB\23-12-2022 Vero on Matrixes\BatchConvert\Masks,836.8884702336096,298.18839487565936,0,5
1,6,0ApNec 300-20 1green_mask.tif,0ApNec 300-20 1violet_orig.tif,0ApNec 300-20 1red_mask.tif,0ApNec 300-20 1violet_mask.tif,C:\Users\Modern\Desktop\Science stuff from the USB\23-12-2022 Vero on Matrixes\BatchConvert\Masks,C:\Users\Modern\Desktop\Science stuff from the USB\23-12-2022 Vero on Matrixes\BatchConvert\Masks,C:\Users\Modern\Desktop\Science stuff from the USB\23-12-2022 Vero on Matrixes\BatchConvert\Masks,C:\Users\Modern\Desktop\Science stuff from the USB\23-12-2022 Vero on Matrixes\BatchConvert\Masks,1162.8842592592594,423.8641975308642,0,6
1,7,0ApNec 300-20 1green_mask.tif,0ApNec 300-20 1violet_orig.tif,0ApNec 300-20 1red_mask.tif,0ApNec 300-20 1violet_mask.tif,C:\Users\Modern\Desktop\Science stuff from the USB\23-12-2022 Vero on Matrixes\BatchConvert\Masks,C:\Users\Modern\Desktop\Science stuff from the USB\23-12-2022 Vero on Matrixes\BatchConvert\Masks,C:\Users\Modern\Desktop\Science stuff from the USB\23-12-2022 Vero on Matrixes\BatchConvert\Masks,C:\Users\Modern\Desktop\Science stuff from the USB\23-12-2022 Vero on Matrixes\BatchConvert\Masks,1151.923076923077,445.0153846153846,0,7
1,8,0ApNec 300-20 1green_mask.tif,0ApNec 300-20 1violet_orig.tif,0ApNec 300-20 1red_mask.tif,0ApNec 300-20 1violet_mask.tif,C:\Users\Modern\Desktop\Science stuff from the USB\23-12-2022 Vero on Matrixes\BatchConvert\Masks,C:\Users\Modern\Desktop\Science stuff from the USB\23-12-2022 Vero on Matrixes\BatchConvert\Masks,C:\Users\Modern\Desktop\Science stuff from the USB\23-12-2022 Vero on Matrixes\BatchConvert\Masks,C:\Users\Modern\Desktop\Science stuff from the USB\23-12-2022 Vero on Matrixes\BatchConvert\Masks,518.3820033955857,620.3616298811545,0,8
1,9,0ApNec 300-20 1green_mask.tif,0ApNec 300-20 1violet_orig.tif,0ApNec 300-20 1red_mask.tif,0ApNec 300-20 1violet_mask.tif,C:\Users\Modern\Desktop\Science stuff from the USB\23-12-2022 Vero on Matrixes\BatchConvert\Masks,C:\Users\Modern\Desktop\Science stuff from the USB\23-12-2022 Vero on Matrixes\BatchConvert\Masks,C:\Users\Modern\Desktop\Science stuff from the USB\23-12-2022 Vero on Matrixes\BatchConvert\Masks,C:\Users\Modern\Desktop\Science stuff from the USB\23-12-2022 Vero on Matrixes\BatchConvert\Masks,36.802836879432625,740.1787234042553,0,9
1,10,0ApNec 300-20 1green_mask.tif,0ApNec 300-20 1violet_orig.tif,0ApNec 300-20 1red_mask.tif,0ApNec 300-20 1violet_mask.tif,C:\Users\Modern\Desktop\Science stuff from the USB\23-12-2022 Vero on Matrixes\BatchConvert\Masks,C:\Users\Modern\Desktop\Science stuff from the USB\23-12-2022 Vero on Matrixes\BatchConvert\Masks,C:\Users\Modern\Desktop\Science stuff from the USB\23-12-2022 Vero on Matrixes\BatchConvert\Masks,C:\Users\Modern\Desktop\Science stuff from the USB\23-12-2022 Vero on Matrixes\BatchConvert\Masks,1044.5356037151703,992.969040247678,0,10
1,11,0ApNec 300-20 1green_mask.tif,0ApNec 300-20 1violet_orig.tif,0ApNec 300-20 1red_mask.tif,0ApNec 300-20 1violet_mask.tif,C:\Users\Modern\Desktop\Science stuff from the USB\23-12-2022 Vero on Matrixes\BatchConvert\Masks,C:\Users\Modern\Desktop\Science stuff from the USB\23-12-2022 Vero on Matrixes\BatchConvert\Masks,C:\Users\Modern\Desktop\Science stuff from the USB\23-12-2022 Vero on Matrixes\BatchConvert\Masks,C:\Users\Modern\Desktop\Science stuff from the USB\23-12-2022 Vero on Matrixes\BatchConvert\Masks,1702.5360281195078,1875.9267721148212,0,11
2,1,10ApNec 300-20 11green_mask.tif,10ApNec 300-20 11violet_orig.tif,10ApNec 300-20 11red_mask.tif,10ApNec 300-20 11violet_mask.tif,C:\Users\Modern\Desktop\Science stuff from the USB\23-12-2022 Vero on Matrixes\BatchConvert\Masks,C:\Users\Modern\Desktop\Science stuff from the USB\23-12-2022 Vero on Matrixes\BatchConvert\Masks,C:\Users\Modern\Desktop\Science stuff from the USB\23-12-2022 Vero on Matrixes\BatchConvert\Masks,C:\Users\Modern\Desktop\Science stuff from the USB\23-12-2022 Vero on Matrixes\BatchConvert\Masks,1412.4725415070243,230.367816091954,0,1
3,1,11ApNec 600-20 1green_mask.tif,11ApNec 600-20 1violet_orig.tif,11ApNec 600-20 1red_mask.tif,11ApNec 600-20 1violet_mask.tif,C:\Users\Modern\Desktop\Science stuff from the USB\23-12-2022 Vero on Matrixes\BatchConvert\Masks,C:\Users\Modern\Desktop\Science stuff from the USB\23-12-2022 Vero on Matrixes\BatchConvert\Masks,C:\Users\Modern\Desktop\Science stuff from the USB\23-12-2022 Vero on Matrixes\BatchConvert\Masks,C:\Users\Modern\Desktop\Science stuff from the USB\23-12-2022 Vero on Matrixes\BatchConvert\Masks,513.684350132626,1210.6949602122015,0,1
5,1,13ApNec 600-20 3green_mask.tif,13ApNec 600-20 3violet_orig.tif,13ApNec 600-20 3red_mask.tif,13ApNec 600-20 3violet_mask.tif,C:\Users\Modern\Desktop\Science stuff from the USB\23-12-2022 Vero on Matrixes\BatchConvert\Masks,C:\Users\Modern\Desktop\Science stuff from the USB\23-12-2022 Vero on Matrixes\BatchConvert\Masks,C:\Users\Modern\Desktop\Science stuff from the USB\23-12-2022 Vero on Matrixes\BatchConvert\Masks,C:\Users\Modern\Desktop\Science stuff from the USB\23-12-2022 Vero on Matrixes\BatchConvert\Masks,825.8838383838383,152.49873737373738,0,1
5,2,13ApNec 600-20 3green_mask.tif,13ApNec 600-20 3violet_orig.tif,13ApNec 600-20 3red_mask.tif,13ApNec 600-20 3violet_mask.tif,C:\Users\Modern\Desktop\Science stuff from the USB\23-12-2022 Vero on Matrixes\BatchConvert\Masks,C:\Users\Modern\Desktop\Science stuff from the USB\23-12-2022 Vero on Matrixes\BatchConvert\Masks,C:\Users\Modern\Desktop\Science stuff from the USB\23-12-2022 Vero on Matrixes\BatchConvert\Masks,C:\Users\Modern\Desktop\Science stuff from the USB\23-12-2022 Vero on Matrixes\BatchConvert\Masks,884.8433179723502,160.00829493087556,0,2
5,3,13ApNec 600-20 3green_mask.tif,13ApNec 600-20 3violet_orig.tif,13ApNec 600-20 3red_mask.tif,13ApNec 600-20 3violet_mask.tif,C:\Users\Modern\Desktop\Science stuff from the USB\23-12-2022 Vero on Matrixes\BatchConvert\Masks,C:\Users\Modern\Desktop\Science stuff from the USB\23-12-2022 Vero on Matrixes\BatchConvert\Masks,C:\Users\Modern\Desktop\Science stuff from the USB\23-12-2022 Vero on Matrixes\BatchConvert\Masks,C:\Users\Modern\Desktop\Science stuff from the USB\23-12-2022 Vero on Matrixes\BatchConvert\Masks,804.1546961325967,1242.8453038674033,0,3
5,4,13ApNec 600-20 3green_mask.tif,13ApNec 600-20 3violet_orig.tif,13ApNec 600-20 3red_mask.tif,13ApNec 600-20 3violet_mask.tif,C:\Users\Modern\Desktop\Science stuff from the USB\23-12-2022 Vero on Matrixes\BatchConvert\Masks,C:\Users\Modern\Desktop\Science stuff from the USB\23-12-2022 Vero on Matrixes\BatchConvert\Masks,C:\Users\Modern\Desktop\Science stuff from the USB\23-12-2022 Vero on Matrixes\BatchConvert\Masks,C:\Users\Modern\Desktop\Science stuff from the USB\23-12-2022 Vero on Matrixes\BatchConvert\Masks,773.5867609254499,1272.8508997429306,0,4
7,1,15ApNec 600-20 5green_mask.tif,15ApNec 600-20 5violet_orig.tif,15ApNec 600-20 5red_mask.tif,15ApNec 600-20 5violet_mask.tif,C:\Users\Modern\Desktop\Science stuff from the USB\23-12-2022 Vero on Matrixes\BatchConvert\Masks,C:\Users\Modern\Desktop\Science stuff from the USB\23-12-2022 Vero on Matrixes\BatchConvert\Masks,C:\Users\Modern\Desktop\Science stuff from the USB\23-12-2022 Vero on Matrixes\BatchConvert\Masks,C:\Users\Modern\Desktop\Science stuff from the USB\23-12-2022 Vero on Matrixes\BatchConvert\Masks,1829.775956284153,1796.4460382513662,0,1
8,1,16ApNec 600-20 6green_mask.tif,16ApNec 600-20 6violet_orig.tif,16ApNec 600-20 6red_mask.tif,16ApNec 600-20 6violet_mask.tif,C:\Users\Modern\Desktop\Science stuff from the USB\23-12-2022 Vero on Matrixes\BatchConvert\Masks,C:\Users\Modern\Desktop\Science stuff from the USB\23-12-2022 Vero on Matrixes\BatchConvert\Masks,C:\Users\Modern\Desktop\Science stuff from the USB\23-12-2022 Vero on Matrixes\BatchConvert\Masks,C:\Users\Modern\Desktop\Science stuff from the USB\23-12-2022 Vero on Matrixes\BatchConvert\Masks,328.9539641943734,528.8184143222506,0,1
8,2,16ApNec 600-20 6green_mask.tif,16ApNec 600-20 6violet_orig.tif,16ApNec 600-20 6red_mask.tif,16ApNec 600-20 6violet_mask.tif,C:\Users\Modern\Desktop\Science stuff from the USB\23-12-2022 Vero on Matrixes\BatchConvert\Masks,C:\Users\Modern\Desktop\Science stuff from the USB\23-12-2022 Vero on Matrixes\BatchConvert\Masks,C:\Users\Modern\Desktop\Science stuff from the USB\23-12-2022 Vero on Matrixes\BatchConvert\Masks,C:\Users\Modern\Desktop\Science stuff from the USB\23-12-2022 Vero on Matrixes\BatchConvert\Masks,283.2142269736842,527.211759868421,0,2
8,3,16ApNec 600-20 6green_mask.tif,16ApNec 600-20 6violet_orig.tif,16ApNec 600-20 6red_mask.tif,16ApNec 600-20 6violet_mask.tif,C:\Users\Modern\Desktop\Science stuff from the USB\23-12-2022 Vero on Matrixes\BatchConvert\Masks,C:\Users\Modern\Desktop\Science stuff from the USB\23-12-2022 Vero on Matrixes\BatchConvert\Masks,C:\Users\Modern\Desktop\Science stuff from the USB\23-12-2022 Vero on Matrixes\BatchConvert\Masks,C:\Users\Modern\Desktop\Science stuff from the USB\23-12-2022 Vero on Matrixes\BatchConvert\Masks,332.5074349442379,558.6635687732341,0,3
9,1,17ApNec 600-20 7green_mask.tif,17ApNec 600-20 7violet_orig.tif,17ApNec 600-20 7red_mask.tif,17ApNec 600-20 7violet_mask.tif,C:\Users\Modern\Desktop\Science stuff from the USB\23-12-2022 Vero on Matrixes\BatchConvert\Masks,C:\Users\Modern\Desktop\Science stuff from the USB\23-12-2022 Vero on Matrixes\BatchConvert\Masks,C:\Users\Modern\Desktop\Science stuff from the USB\23-12-2022 Vero on Matrixes\BatchConvert\Masks,C:\Users\Modern\Desktop\Science stuff from the USB\23-12-2022 Vero on Matrixes\BatchConvert\Masks,957.437430786268,112.05869324473976,0,1
10,1,18ApNec 600-20 8green_mask.tif,18ApNec 600-20 8violet_orig.tif,18ApNec 600-20 8red_mask.tif,18ApNec 600-20 8violet_mask.tif,C:\Users\Modern\Desktop\Science stuff from the USB\23-12-2022 Vero on Matrixes\BatchConvert\Masks,C:\Users\Modern\Desktop\Science stuff from the USB\23-12-2022 Vero on Matrixes\BatchConvert\Masks,C:\Users\Modern\Desktop\Science stuff from the USB\23-12-2022 Vero on Matrixes\BatchConvert\Masks,C:\Users\Modern\Desktop\Science stuff from the USB\23-12-2022 Vero on Matrixes\BatchConvert\Masks,1267.0600858369098,388.4005722460658,0,1
10,2,18ApNec 600-20 8green_mask.tif,18ApNec 600-20 8violet_orig.tif,18ApNec 600-20 8red_mask.tif,18ApNec 600-20 8violet_mask.tif,C:\Users\Modern\Desktop\Science stuff from the USB\23-12-2022 Vero on Matrixes\BatchConvert\Masks,C:\Users\Modern\Desktop\Science stuff from the USB\23-12-2022 Vero on Matrixes\BatchConvert\Masks,C:\Users\Modern\Desktop\Science stuff from the USB\23-12-2022 Vero on Matrixes\BatchConvert\Masks,C:\Users\Modern\Desktop\Science stuff from the USB\23-12-2022 Vero on Matrixes\BatchConvert\Masks,1270.7227926078028,412.56468172484597,0,2
10,3,18ApNec 600-20 8green_mask.tif,18ApNec 600-20 8violet_orig.tif,18ApNec 600-20 8red_mask.tif,18ApNec 600-20 8violet_mask.tif,C:\Users\Modern\Desktop\Science stuff from the USB\23-12-2022 Vero on Matrixes\BatchConvert\Masks,C:\Users\Modern\Desktop\Science stuff from the USB\23-12-2022 Vero on Matrixes\BatchConvert\Masks,C:\Users\Modern\Desktop\Science stuff from the USB\23-12-2022 Vero on Matrixes\BatchConvert\Masks,C:\Users\Modern\Desktop\Science stuff from the USB\23-12-2022 Vero on Matrixes\BatchConvert\Masks,1270.4510204081632,439.0326530612245,0,3
10,4,18ApNec 600-20 8green_mask.tif,18ApNec 600-20 8violet_orig.tif,18ApNec 600-20 8red_mask.tif,18ApNec 600-20 8violet_mask.tif,C:\Users\Modern\Desktop\Science stuff from the USB\23-12-2022 Vero on Matrixes\BatchConvert\Masks,C:\Users\Modern\Desktop\Science stuff from the USB\23-12-2022 Vero on Matrixes\BatchConvert\Masks,C:\Users\Modern\Desktop\Science stuff from the USB\23-12-2022 Vero on Matrixes\BatchConvert\Masks,C:\Users\Modern\Desktop\Science stuff from the USB\23-12-2022 Vero on Matrixes\BatchConvert\Masks,1604.2116040955632,669.2898586055583,0,4
10,5,18ApNec 600-20 8green_mask.tif,18ApNec 600-20 8violet_orig.tif,18ApNec 600-20 8red_mask.tif,18ApNec 600-20 8violet_mask.tif,C:\Users\Modern\Desktop\Science stuff from the USB\23-12-2022 Vero on Matrixes\BatchConvert\Masks,C:\Users\Modern\Desktop\Science stuff from the USB\23-12-2022 Vero on Matrixes\BatchConvert\Masks,C:\Users\Modern\Desktop\Science stuff from the USB\23-12-2022 Vero on Matrixes\BatchConvert\Masks,C:\Users\Modern\Desktop\Science stuff from the USB\23-12-2022 Vero on Matrixes\BatchConvert\Masks,1642.7082314588426,702.3031784841075,0,5
10,6,18ApNec 600-20 8green_mask.tif,18ApNec 600-20 8violet_orig.tif,18ApNec 600-20 8red_mask.tif,18ApNec 600-20 8violet_mask.tif,C:\Users\Modern\Desktop\Science stuff from the USB\23-12-2022 Vero on Matrixes\BatchConvert\Masks,C:\Users\Modern\Desktop\Science stuff from the USB\23-12-2022 Vero on Matrixes\BatchConvert\Masks,C:\Users\Modern\Desktop\Science stuff from the USB\23-12-2022 Vero on Matrixes\BatchConvert\Masks,C:\Users\Modern\Desktop\Science stuff from the USB\23-12-2022 Vero on Matrixes\BatchConvert\Masks,184.9963963963964,956.8726726726727,0,6
10,7,18ApNec 600-20 8green_mask.tif,18ApNec 600-20 8violet_orig.tif,18ApNec 600-20 8red_mask.tif,18ApNec 600-20 8violet_mask.tif,C:\Users\Modern\Desktop\Science stuff from the USB\23-12-2022 Vero on Matrixes\BatchConvert\Masks,C:\Users\Modern\Desktop\Science stuff from the USB\23-12-2022 Vero on Matrixes\BatchConvert\Masks,C:\Users\Modern\Desktop\Science stuff from the USB\23-12-2022 Vero on Matrixes\BatchConvert\Masks,C:\Users\Modern\Desktop\Science stuff from the USB\23-12-2022 Vero on Matrixes\BatchConvert\Masks,161.70011025358323,975.0727673649394,0,7
10,8,18ApNec 600-20 8green_mask.tif,18ApNec 600-20 8violet_orig.tif,18ApNec 600-20 8red_mask.tif,18ApNec 600-20 8violet_mask.tif,C:\Users\Modern\Desktop\Science stuff from the USB\23-12-2022 Vero on Matrixes\BatchConvert\Masks,C:\Users\Modern\Desktop\Science stuff from the USB\23-12-2022 Vero on Matrixes\BatchConvert\Masks,C:\Users\Modern\Desktop\Science stuff from the USB\23-12-2022 Vero on Matrixes\BatchConvert\Masks,C:\Users\Modern\Desktop\Science stuff from the USB\23-12-2022 Vero on Matrixes\BatchConvert\Masks,1335.5890580008227,1179.8733031674208,0,8
10,9,18ApNec 600-20 8green_mask.tif,18ApNec 600-20 8violet_orig.tif,18ApNec 600-20 8red_mask.tif,18ApNec 600-20 8violet_mask.tif,C:\Users\Modern\Desktop\Science stuff from the USB\23-12-2022 Vero on Matrixes\BatchConvert\Masks,C:\Users\Modern\Desktop\Science stuff from the USB\23-12-2022 Vero on Matrixes\BatchConvert\Masks,C:\Users\Modern\Desktop\Science stuff from the USB\23-12-2022 Vero on Matrixes\BatchConvert\Masks,C:\Users\Modern\Desktop\Science stuff from the USB\23-12-2022 Vero on Matrixes\BatchConvert\Masks,1334.4,1239.6766081871344,0,9
10,10,18ApNec 600-20 8green_mask.tif,18ApNec 600-20 8violet_orig.tif,18ApNec 600-20 8red_mask.tif,18ApNec 600-20 8violet_mask.tif,C:\Users\Modern\Desktop\Science stuff from the USB\23-12-2022 Vero on Matrixes\BatchConvert\Masks,C:\Users\Modern\Desktop\Science stuff from the USB\23-12-2022 Vero on Matrixes\BatchConvert\Masks,C:\Users\Modern\Desktop\Science stuff from the USB\23-12-2022 Vero on Matrixes\BatchConvert\Masks,C:\Users\Modern\Desktop\Science stuff from the USB\23-12-2022 Vero on Matrixes\BatchConvert\Masks,1255.1156462585034,1556.1238095238095,0,10
10,11,18ApNec 600-20 8green_mask.tif,18ApNec 600-20 8violet_orig.tif,18ApNec 600-20 8red_mask.tif,18ApNec 600-20 8violet_mask.tif,C:\Users\Modern\Desktop\Science stuff from the USB\23-12-2022 Vero on Matrixes\BatchConvert\Masks,C:\Users\Modern\Desktop\Science stuff from the USB\23-12-2022 Vero on Matrixes\BatchConvert\Masks,C:\Users\Modern\Desktop\Science stuff from the USB\23-12-2022 Vero on Matrixes\BatchConvert\Masks,C:\Users\Modern\Desktop\Science stuff from the USB\23-12-2022 Vero on Matrixes\BatchConvert\Masks,1847.4941768131287,1704.7469560614081,0,11
10,12,18ApNec 600-20 8green_mask.tif,18ApNec 600-20 8violet_orig.tif,18ApNec 600-20 8red_mask.tif,18ApNec 600-20 8violet_mask.tif,C:\Users\Modern\Desktop\Science stuff from the USB\23-12-2022 Vero on Matrixes\BatchConvert\Masks,C:\Users\Modern\Desktop\Science stuff from the USB\23-12-2022 Vero on Matrixes\BatchConvert\Masks,C:\Users\Modern\Desktop\Science stuff from the USB\23-12-2022 Vero on Matrixes\BatchConvert\Masks,C:\Users\Modern\Desktop\Science stuff from the USB\23-12-2022 Vero on Matrixes\BatchConvert\Masks,800.5771929824562,1751.1368421052632,0,12
10,13,18ApNec 600-20 8green_mask.tif,18ApNec 600-20 8violet_orig.tif,18ApNec 600-20 8red_mask.tif,18ApNec 600-20 8violet_mask.tif,C:\Users\Modern\Desktop\Science stuff from the USB\23-12-2022 Vero on Matrixes\BatchConvert\Masks,C:\Users\Modern\Desktop\Science stuff from the USB\23-12-2022 Vero on Matrixes\BatchConvert\Masks,C:\Users\Modern\Desktop\Science stuff from the USB\23-12-2022 Vero on Matrixes\BatchConvert\Masks,C:\Users\Modern\Desktop\Science stuff from the USB\23-12-2022 Vero on Matrixes\BatchConvert\Masks,775.1632462686567,1788.80223880597,0,13
10,14,18ApNec 600-20 8green_mask.tif,18ApNec 600-20 8violet_orig.tif,18ApNec 600-20 8red_mask.tif,18ApNec 600-20 8violet_mask.tif,C:\Users\Modern\Desktop\Science stuff from the USB\23-12-2022 Vero on Matrixes\BatchConvert\Masks,C:\Users\Modern\Desktop\Science stuff from the USB\23-12-2022 Vero on Matrixes\BatchConvert\Masks,C:\Users\Modern\Desktop\Science stuff from the USB\23-12-2022 Vero on Matrixes\BatchConvert\Masks,C:\Users\Modern\Desktop\Science stuff from the USB\23-12-2022 Vero on Matrixes\BatchConvert\Masks,802.7538860103627,1785.5725388601036,0,14
10,15,18ApNec 600-20 8green_mask.tif,18ApNec 600-20 8violet_orig.tif,18ApNec 600-20 8red_mask.tif,18ApNec 600-20 8violet_mask.tif,C:\Users\Modern\Desktop\Science stuff from the USB\23-12-2022 Vero on Matrixes\BatchConvert\Masks,C:\Users\Modern\Desktop\Science stuff from the USB\23-12-2022 Vero on Matrixes\BatchConvert\Masks,C:\Users\Modern\Desktop\Science stuff from the USB\23-12-2022 Vero on Matrixes\BatchConvert\Masks,C:\Users\Modern\Desktop\Science stuff from the USB\23-12-2022 Vero on Matrixes\BatchConvert\Masks,1612.7378854625551,1856.9943360604154,0,15
10,16,18ApNec 600-20 8green_mask.tif,18ApNec 600-20 8violet_orig.tif,18ApNec 600-20 8red_mask.tif,18ApNec 600-20 8violet_mask.tif,C:\Users\Modern\Desktop\Science stuff from the USB\23-12-2022 Vero on Matrixes\BatchConvert\Masks,C:\Users\Modern\Desktop\Science stuff from the USB\23-12-2022 Vero on Matrixes\BatchConvert\Masks,C:\Users\Modern\Desktop\Science stuff from the USB\23-12-2022 Vero on Matrixes\BatchConvert\Masks,C:\Users\Modern\Desktop\Science stuff from the USB\23-12-2022 Vero on Matrixes\BatchConvert\Masks,360.3374805598756,1911.275272161742,0,16
10,17,18ApNec 600-20 8green_mask.tif,18ApNec 600-20 8violet_orig.tif,18ApNec 600-20 8red_mask.tif,18ApNec 600-20 8violet_mask.tif,C:\Users\Modern\Desktop\Science stuff from the USB\23-12-2022 Vero on Matrixes\BatchConvert\Masks,C:\Users\Modern\Desktop\Science stuff from the USB\23-12-2022 Vero on Matrixes\BatchConvert\Masks,C:\Users\Modern\Desktop\Science stuff from the USB\23-12-2022 Vero on Matrixes\BatchConvert\Masks,C:\Users\Modern\Desktop\Science stuff from the USB\23-12-2022 Vero on Matrixes\BatchConvert\Masks,381.7722007722008,1931.180694980695,0,17
11,1,19ApNec 600-20 9green_mask.tif,19ApNec 600-20 9violet_orig.tif,19ApNec 600-20 9red_mask.tif,19ApNec 600-20 9violet_mask.tif,C:\Users\Modern\Desktop\Science stuff from the USB\23-12-2022 Vero on Matrixes\BatchConvert\Masks,C:\Users\Modern\Desktop\Science stuff from the USB\23-12-2022 Vero on Matrixes\BatchConvert\Masks,C:\Users\Modern\Desktop\Science stuff from the USB\23-12-2022 Vero on Matrixes\BatchConvert\Masks,C:\Users\Modern\Desktop\Science stuff from the USB\23-12-2022 Vero on Matrixes\BatchConvert\Masks,2006.0848799126638,529.393558951965,0,1
11,2,19ApNec 600-20 9green_mask.tif,19ApNec 600-20 9violet_orig.tif,19ApNec 600-20 9red_mask.tif,19ApNec 600-20 9violet_mask.tif,C:\Users\Modern\Desktop\Science stuff from the USB\23-12-2022 Vero on Matrixes\BatchConvert\Masks,C:\Users\Modern\Desktop\Science stuff from the USB\23-12-2022 Vero on Matrixes\BatchConvert\Masks,C:\Users\Modern\Desktop\Science stuff from the USB\23-12-2022 Vero on Matrixes\BatchConvert\Masks,C:\Users\Modern\Desktop\Science stuff from the USB\23-12-2022 Vero on Matrixes\BatchConvert\Masks,2032.003194888179,583.482428115016,0,2
11,3,19ApNec 600-20 9green_mask.tif,19ApNec 600-20 9violet_orig.tif,19ApNec 600-20 9red_mask.tif,19ApNec 600-20 9violet_mask.tif,C:\Users\Modern\Desktop\Science stuff from the USB\23-12-2022 Vero on Matrixes\BatchConvert\Masks,C:\Users\Modern\Desktop\Science stuff from the USB\23-12-2022 Vero on Matrixes\BatchConvert\Masks,C:\Users\Modern\Desktop\Science stuff from the USB\23-12-2022 Vero on Matrixes\BatchConvert\Masks,C:\Users\Modern\Desktop\Science stuff from the USB\23-12-2022 Vero on Matrixes\BatchConvert\Masks,1628.5021186440679,1131.9385593220338,0,3
11,4,19ApNec 600-20 9green_mask.tif,19ApNec 600-20 9violet_orig.tif,19ApNec 600-20 9red_mask.tif,19ApNec 600-20 9violet_mask.tif,C:\Users\Modern\Desktop\Science stuff from the USB\23-12-2022 Vero on Matrixes\BatchConvert\Masks,C:\Users\Modern\Desktop\Science stuff from the USB\23-12-2022 Vero on Matrixes\BatchConvert\Masks,C:\Users\Modern\Desktop\Science stuff from the USB\23-12-2022 Vero on Matrixes\BatchConvert\Masks,C:\Users\Modern\Desktop\Science stuff from the USB\23-12-2022 Vero on Matrixes\BatchConvert\Masks,1638.431906614786,1151.8832684824902,0,4
11,5,19ApNec 600-20 9green_mask.tif,19ApNec 600-20 9violet_orig.tif,19ApNec 600-20 9red_mask.tif,19ApNec 600-20 9violet_mask.tif,C:\Users\Modern\Desktop\Science stuff from the USB\23-12-2022 Vero on Matrixes\BatchConvert\Masks,C:\Users\Modern\Desktop\Science stuff from the USB\23-12-2022 Vero on Matrixes\BatchConvert\Masks,C:\Users\Modern\Desktop\Science stuff from the USB\23-12-2022 Vero on Matrixes\BatchConvert\Masks,C:\Users\Modern\Desktop\Science stuff from the USB\23-12-2022 Vero on Matrixes\BatchConvert\Masks,1644.3470394736842,1201.3174342105262,0,5
12,1,1ApNec 300-20 2green_mask.tif,1ApNec 300-20 2violet_orig.tif,1ApNec 300-20 2red_mask.tif,1ApNec 300-20 2violet_mask.tif,C:\Users\Modern\Desktop\Science stuff from the USB\23-12-2022 Vero on Matrixes\BatchConvert\Masks,C:\Users\Modern\Desktop\Science stuff from the USB\23-12-2022 Vero on Matrixes\BatchConvert\Masks,C:\Users\Modern\Desktop\Science stuff from the USB\23-12-2022 Vero on Matrixes\BatchConvert\Masks,C:\Users\Modern\Desktop\Science stuff from the USB\23-12-2022 Vero on Matrixes\BatchConvert\Masks,251.70140845070424,619.1183098591549,0,1
12,2,1ApNec 300-20 2green_mask.tif,1ApNec 300-20 2violet_orig.tif,1ApNec 300-20 2red_mask.tif,1ApNec 300-20 2violet_mask.tif,C:\Users\Modern\Desktop\Science stuff from the USB\23-12-2022 Vero on Matrixes\BatchConvert\Masks,C:\Users\Modern\Desktop\Science stuff from the USB\23-12-2022 Vero on Matrixes\BatchConvert\Masks,C:\Users\Modern\Desktop\Science stuff from the USB\23-12-2022 Vero on Matrixes\BatchConvert\Masks,C:\Users\Modern\Desktop\Science stuff from the USB\23-12-2022 Vero on Matrixes\BatchConvert\Masks,768.6821533923304,1212.7300884955753,0,2
12,3,1ApNec 300-20 2green_mask.tif,1ApNec 300-20 2violet_orig.tif,1ApNec 300-20 2red_mask.tif,1ApNec 300-20 2violet_mask.tif,C:\Users\Modern\Desktop\Science stuff from the USB\23-12-2022 Vero on Matrixes\BatchConvert\Masks,C:\Users\Modern\Desktop\Science stuff from the USB\23-12-2022 Vero on Matrixes\BatchConvert\Masks,C:\Users\Modern\Desktop\Science stuff from the USB\23-12-2022 Vero on Matrixes\BatchConvert\Masks,C:\Users\Modern\Desktop\Science stuff from the USB\23-12-2022 Vero on Matrixes\BatchConvert\Masks,761.0808909730364,1245.2966002344665,0,3
13,1,20ApNec 600-20 10green_mask.tif,20ApNec 600-20 10violet_orig.tif,20ApNec 600-20 10red_mask.tif,20ApNec 600-20 10violet_mask.tif,C:\Users\Modern\Desktop\Science stuff from the USB\23-12-2022 Vero on Matrixes\BatchConvert\Masks,C:\Users\Modern\Desktop\Science stuff from the USB\23-12-2022 Vero on Matrixes\BatchConvert\Masks,C:\Users\Modern\Desktop\Science stuff from the USB\23-12-2022 Vero on Matrixes\BatchConvert\Masks,C:\Users\Modern\Desktop\Science stuff from the USB\23-12-2022 Vero on Matrixes\BatchConvert\Masks,1306.4007352941176,1052.6875,0,1
13,2,20ApNec 600-20 10green_mask.tif,20ApNec 600-20 10violet_orig.tif,20ApNec 600-20 10red_mask.tif,20ApNec 600-20 10violet_mask.tif,C:\Users\Modern\Desktop\Science stuff from the USB\23-12-2022 Vero on Matrixes\BatchConvert\Masks,C:\Users\Modern\Desktop\Science stuff from the USB\23-12-2022 Vero on Matrixes\BatchConvert\Masks,C:\Users\Modern\Desktop\Science stuff from the USB\23-12-2022 Vero on Matrixes\BatchConvert\Masks,C:\Users\Modern\Desktop\Science stuff from the USB\23-12-2022 Vero on Matrixes\BatchConvert\Masks,1347.784140969163,1052.1969792322216,0,2
13,3,20ApNec 600-20 10green_mask.tif,20ApNec 600-20 10violet_orig.tif,20ApNec 600-20 10red_mask.tif,20ApNec 600-20 10violet_mask.tif,C:\Users\Modern\Desktop\Science stuff from the USB\23-12-2022 Vero on Matrixes\BatchConvert\Masks,C:\Users\Modern\Desktop\Science stuff from the USB\23-12-2022 Vero on Matrixes\BatchConvert\Masks,C:\Users\Modern\Desktop\Science stuff from the USB\23-12-2022 Vero on Matrixes\BatchConvert\Masks,C:\Users\Modern\Desktop\Science stuff from the USB\23-12-2022 Vero on Matrixes\BatchConvert\Masks,1325.2627388535032,1071.5557324840765,0,3
13,4,20ApNec 600-20 10green_mask.tif,20ApNec 600-20 10violet_orig.tif,20ApNec 600-20 10red_mask.tif,20ApNec 600-20 10violet_mask.tif,C:\Users\Modern\Desktop\Science stuff from the USB\23-12-2022 Vero on Matrixes\BatchConvert\Masks,C:\Users\Modern\Desktop\Science stuff from the USB\23-12-2022 Vero on Matrixes\BatchConvert\Masks,C:\Users\Modern\Desktop\Science stuff from the USB\23-12-2022 Vero on Matrixes\BatchConvert\Masks,C:\Users\Modern\Desktop\Science stuff from the USB\23-12-2022 Vero on Matrixes\BatchConvert\Masks,1278.0,1074.602787456446,0,4
13,5,20ApNec 600-20 10green_mask.tif,20ApNec 600-20 10violet_orig.tif,20ApNec 600-20 10red_mask.tif,20ApNec 600-20 10violet_mask.tif,C:\Users\Modern\Desktop\Science stuff from the USB\23-12-2022 Vero on Matrixes\BatchConvert\Masks,C:\Users\Modern\Desktop\Science stuff from the USB\23-12-2022 Vero on Matrixes\BatchConvert\Masks,C:\Users\Modern\Desktop\Science stuff from the USB\23-12-2022 Vero on Matrixes\BatchConvert\Masks,C:\Users\Modern\Desktop\Science stuff from the USB\23-12-2022 Vero on Matrixes\BatchConvert\Masks,1303.5411985018727,1079.629213483146,0,5
13,6,20ApNec 600-20 10green_mask.tif,20ApNec 600-20 10violet_orig.tif,20ApNec 600-20 10red_mask.tif,20ApNec 600-20 10violet_mask.tif,C:\Users\Modern\Desktop\Science stuff from the USB\23-12-2022 Vero on Matrixes\BatchConvert\Masks,C:\Users\Modern\Desktop\Science stuff from the USB\23-12-2022 Vero on Matrixes\BatchConvert\Masks,C:\Users\Modern\Desktop\Science stuff from the USB\23-12-2022 Vero on Matrixes\BatchConvert\Masks,C:\Users\Modern\Desktop\Science stuff from the USB\23-12-2022 Vero on Matrixes\BatchConvert\Masks,758.4329608938548,1265.8994413407822,0,6
13,7,20ApNec 600-20 10green_mask.tif,20ApNec 600-20 10violet_orig.tif,20ApNec 600-20 10red_mask.tif,20ApNec 600-20 10violet_mask.tif,C:\Users\Modern\Desktop\Science stuff from the USB\23-12-2022 Vero on Matrixes\BatchConvert\Masks,C:\Users\Modern\Desktop\Science stuff from the USB\23-12-2022 Vero on Matrixes\BatchConvert\Masks,C:\Users\Modern\Desktop\Science stuff from the USB\23-12-2022 Vero on Matrixes\BatchConvert\Masks,C:\Users\Modern\Desktop\Science stuff from the USB\23-12-2022 Vero on Matrixes\BatchConvert\Masks,882.3731343283582,1397.717331708803,0,7
13,8,20ApNec 600-20 10green_mask.tif,20ApNec 600-20 10violet_orig.tif,20ApNec 600-20 10red_mask.tif,20ApNec 600-20 10violet_mask.tif,C:\Users\Modern\Desktop\Science stuff from the USB\23-12-2022 Vero on Matrixes\BatchConvert\Masks,C:\Users\Modern\Desktop\Science stuff from the USB\23-12-2022 Vero on Matrixes\BatchConvert\Masks,C:\Users\Modern\Desktop\Science stuff from the USB\23-12-2022 Vero on Matrixes\BatchConvert\Masks,C:\Users\Modern\Desktop\Science stuff from the USB\23-12-2022 Vero on Matrixes\BatchConvert\Masks,687.2158071748879,1806.604260089686,0,8
14,1,21ApNec 600-20 11green_mask.tif,21ApNec 600-20 11violet_orig.tif,21ApNec 600-20 11red_mask.tif,21ApNec 600-20 11violet_mask.tif,C:\Users\Modern\Desktop\Science stuff from the USB\23-12-2022 Vero on Matrixes\BatchConvert\Masks,C:\Users\Modern\Desktop\Science stuff from the USB\23-12-2022 Vero on Matrixes\BatchConvert\Masks,C:\Users\Modern\Desktop\Science stuff from the USB\23-12-2022 Vero on Matrixes\BatchConvert\Masks,C:\Users\Modern\Desktop\Science stuff from the USB\23-12-2022 Vero on Matrixes\BatchConvert\Masks,1010.4328249818445,1075.0392156862745,0,1
14,2,21ApNec 600-20 11green_mask.tif,21ApNec 600-20 11violet_orig.tif,21ApNec 600-20 11red_mask.tif,21ApNec 600-20 11violet_mask.tif,C:\Users\Modern\Desktop\Science stuff from the USB\23-12-2022 Vero on Matrixes\BatchConvert\Masks,C:\Users\Modern\Desktop\Science stuff from the USB\23-12-2022 Vero on Matrixes\BatchConvert\Masks,C:\Users\Modern\Desktop\Science stuff from the USB\23-12-2022 Vero on Matrixes\BatchConvert\Masks,C:\Users\Modern\Desktop\Science stuff from the USB\23-12-2022 Vero on Matrixes\BatchConvert\Masks,1056.8926553672316,1086.3422114608554,0,2
14,3,21ApNec 600-20 11green_mask.tif,21ApNec 600-20 11violet_orig.tif,21ApNec 600-20 11red_mask.tif,21ApNec 600-20 11violet_mask.tif,C:\Users\Modern\Desktop\Science stuff from the USB\23-12-2022 Vero on Matrixes\BatchConvert\Masks,C:\Users\Modern\Desktop\Science stuff from the USB\23-12-2022 Vero on Matrixes\BatchConvert\Masks,C:\Users\Modern\Desktop\Science stuff from the USB\23-12-2022 Vero on Matrixes\BatchConvert\Masks,C:\Users\Modern\Desktop\Science stuff from the USB\23-12-2022 Vero on Matrixes\BatchConvert\Masks,1011.4433617539586,1114.6126674786844,0,3
16,1,2ApNec 300-20 3green_mask.tif,2ApNec 300-20 3violet_orig.tif,2ApNec 300-20 3red_mask.tif,2ApNec 300-20 3violet_mask.tif,C:\Users\Modern\Desktop\Science stuff from the USB\23-12-2022 Vero on Matrixes\BatchConvert\Masks,C:\Users\Modern\Desktop\Science stuff from the USB\23-12-2022 Vero on Matrixes\BatchConvert\Masks,C:\Users\Modern\Desktop\Science stuff from the USB\23-12-2022 Vero on Matrixes\BatchConvert\Masks,C:\Users\Modern\Desktop\Science stuff from the USB\23-12-2022 Vero on Matrixes\BatchConvert\Masks,1376.889237199582,275.62852664576803,0,1
16,2,2ApNec 300-20 3green_mask.tif,2ApNec 300-20 3violet_orig.tif,2ApNec 300-20 3red_mask.tif,2ApNec 300-20 3violet_mask.tif,C:\Users\Modern\Desktop\Science stuff from the USB\23-12-2022 Vero on Matrixes\BatchConvert\Masks,C:\Users\Modern\Desktop\Science stuff from the USB\23-12-2022 Vero on Matrixes\BatchConvert\Masks,C:\Users\Modern\Desktop\Science stuff from the USB\23-12-2022 Vero on Matrixes\BatchConvert\Masks,C:\Users\Modern\Desktop\Science stuff from the USB\23-12-2022 Vero on Matrixes\BatchConvert\Masks,1983.2703062583223,327.11318242343543,0,2
16,3,2ApNec 300-20 3green_mask.tif,2ApNec 300-20 3violet_orig.tif,2ApNec 300-20 3red_mask.tif,2ApNec 300-20 3violet_mask.tif,C:\Users\Modern\Desktop\Science stuff from the USB\23-12-2022 Vero on Matrixes\BatchConvert\Masks,C:\Users\Modern\Desktop\Science stuff from the USB\23-12-2022 Vero on Matrixes\BatchConvert\Masks,C:\Users\Modern\Desktop\Science stuff from the USB\23-12-2022 Vero on Matrixes\BatchConvert\Masks,C:\Users\Modern\Desktop\Science stuff from the USB\23-12-2022 Vero on Matrixes\BatchConvert\Masks,1927.5860927152319,519.3278145695364,0,3
16,4,2ApNec 300-20 3green_mask.tif,2ApNec 300-20 3violet_orig.tif,2ApNec 300-20 3red_mask.tif,2ApNec 300-20 3violet_mask.tif,C:\Users\Modern\Desktop\Science stuff from the USB\23-12-2022 Vero on Matrixes\BatchConvert\Masks,C:\Users\Modern\Desktop\Science stuff from the USB\23-12-2022 Vero on Matrixes\BatchConvert\Masks,C:\Users\Modern\Desktop\Science stuff from the USB\23-12-2022 Vero on Matrixes\BatchConvert\Masks,C:\Users\Modern\Desktop\Science stuff from the USB\23-12-2022 Vero on Matrixes\BatchConvert\Masks,1944.874213836478,527.2169811320755,0,4
16,5,2ApNec 300-20 3green_mask.tif,2ApNec 300-20 3violet_orig.tif,2ApNec 300-20 3red_mask.tif,2ApNec 300-20 3violet_mask.tif,C:\Users\Modern\Desktop\Science stuff from the USB\23-12-2022 Vero on Matrixes\BatchConvert\Masks,C:\Users\Modern\Desktop\Science stuff from the USB\23-12-2022 Vero on Matrixes\BatchConvert\Masks,C:\Users\Modern\Desktop\Science stuff from the USB\23-12-2022 Vero on Matrixes\BatchConvert\Masks,C:\Users\Modern\Desktop\Science stuff from the USB\23-12-2022 Vero on Matrixes\BatchConvert\Masks,1260.1161473087818,530.7535410764873,0,5
16,6,2ApNec 300-20 3green_mask.tif,2ApNec 300-20 3violet_orig.tif,2ApNec 300-20 3red_mask.tif,2ApNec 300-20 3violet_mask.tif,C:\Users\Modern\Desktop\Science stuff from the USB\23-12-2022 Vero on Matrixes\BatchConvert\Masks,C:\Users\Modern\Desktop\Science stuff from the USB\23-12-2022 Vero on Matrixes\BatchConvert\Masks,C:\Users\Modern\Desktop\Science stuff from the USB\23-12-2022 Vero on Matrixes\BatchConvert\Masks,C:\Users\Modern\Desktop\Science stuff from the USB\23-12-2022 Vero on Matrixes\BatchConvert\Masks,1917.7560073937154,535.5341959334565,0,6
17,1,3ApNec 300-20 4green_mask.tif,3ApNec 300-20 4violet_orig.tif,3ApNec 300-20 4red_mask.tif,3ApNec 300-20 4violet_mask.tif,C:\Users\Modern\Desktop\Science stuff from the USB\23-12-2022 Vero on Matrixes\BatchConvert\Masks,C:\Users\Modern\Desktop\Science stuff from the USB\23-12-2022 Vero on Matrixes\BatchConvert\Masks,C:\Users\Modern\Desktop\Science stuff from the USB\23-12-2022 Vero on Matrixes\BatchConvert\Masks,C:\Users\Modern\Desktop\Science stuff from the USB\23-12-2022 Vero on Matrixes\BatchConvert\Masks,1210.8245804006497,1518.0877097996752,0,1
17,2,3ApNec 300-20 4green_mask.tif,3ApNec 300-20 4violet_orig.tif,3ApNec 300-20 4red_mask.tif,3ApNec 300-20 4violet_mask.tif,C:\Users\Modern\Desktop\Science stuff from the USB\23-12-2022 Vero on Matrixes\BatchConvert\Masks,C:\Users\Modern\Desktop\Science stuff from the USB\23-12-2022 Vero on Matrixes\BatchConvert\Masks,C:\Users\Modern\Desktop\Science stuff from the USB\23-12-2022 Vero on Matrixes\BatchConvert\Masks,C:\Users\Modern\Desktop\Science stuff from the USB\23-12-2022 Vero on Matrixes\BatchConvert\Masks,1274.7259100642398,1623.6616702355461,0,2
17,3,3ApNec 300-20 4green_mask.tif,3ApNec 300-20 4violet_orig.tif,3ApNec 300-20 4red_mask.tif,3ApNec 300-20 4violet_mask.tif,C:\Users\Modern\Desktop\Science stuff from the USB\23-12-2022 Vero on Matrixes\BatchConvert\Masks,C:\Users\Modern\Desktop\Science stuff from the USB\23-12-2022 Vero on Matrixes\BatchConvert\Masks,C:\Users\Modern\Desktop\Science stuff from the USB\23-12-2022 Vero on Matrixes\BatchConvert\Masks,C:\Users\Modern\Desktop\Science stuff from the USB\23-12-2022 Vero on Matrixes\BatchConvert\Masks,1289.1705607476636,1635.214953271028,0,3
18,1,4ApNec 300-20 5green_mask.tif,4ApNec 300-20 5violet_orig.tif,4ApNec 300-20 5red_mask.tif,4ApNec 300-20 5violet_mask.tif,C:\Users\Modern\Desktop\Science stuff from the USB\23-12-2022 Vero on Matrixes\BatchConvert\Masks,C:\Users\Modern\Desktop\Science stuff from the USB\23-12-2022 Vero on Matrixes\BatchConvert\Masks,C:\Users\Modern\Desktop\Science stuff from the USB\23-12-2022 Vero on Matrixes\BatchConvert\Masks,C:\Users\Modern\Desktop\Science stuff from the USB\23-12-2022 Vero on Matrixes\BatchConvert\Masks,1130.4468580294802,335.8479441427463,0,1
18,2,4ApNec 300-20 5green_mask.tif,4ApNec 300-20 5violet_orig.tif,4ApNec 300-20 5red_mask.tif,4ApNec 300-20 5violet_mask.tif,C:\Users\Modern\Desktop\Science stuff from the USB\23-12-2022 Vero on Matrixes\BatchConvert\Masks,C:\Users\Modern\Desktop\Science stuff from the USB\23-12-2022 Vero on Matrixes\BatchConvert\Masks,C:\Users\Modern\Desktop\Science stuff from the USB\23-12-2022 Vero on Matrixes\BatchConvert\Masks,C:\Users\Modern\Desktop\Science stuff from the USB\23-12-2022 Vero on Matrixes\BatchConvert\Masks,2022.4728752260398,447.9005424954792,0,2
18,3,4ApNec 300-20 5green_mask.tif,4ApNec 300-20 5violet_orig.tif,4ApNec 300-20 5red_mask.tif,4ApNec 300-20 5violet_mask.tif,C:\Users\Modern\Desktop\Science stuff from the USB\23-12-2022 Vero on Matrixes\BatchConvert\Masks,C:\Users\Modern\Desktop\Science stuff from the USB\23-12-2022 Vero on Matrixes\BatchConvert\Masks,C:\Users\Modern\Desktop\Science stuff from the USB\23-12-2022 Vero on Matrixes\BatchConvert\Masks,C:\Users\Modern\Desktop\Science stuff from the USB\23-12-2022 Vero on Matrixes\BatchConvert\Masks,1846.3416435826407,579.6989843028624,0,3
18,4,4ApNec 300-20 5green_mask.tif,4ApNec 300-20 5violet_orig.tif,4ApNec 300-20 5red_mask.tif,4ApNec 300-20 5violet_mask.tif,C:\Users\Modern\Desktop\Science stuff from the USB\23-12-2022 Vero on Matrixes\BatchConvert\Masks,C:\Users\Modern\Desktop\Science stuff from the USB\23-12-2022 Vero on Matrixes\BatchConvert\Masks,C:\Users\Modern\Desktop\Science stuff from the USB\23-12-2022 Vero on Matrixes\BatchConvert\Masks,C:\Users\Modern\Desktop\Science stuff from the USB\23-12-2022 Vero on Matrixes\BatchConvert\Masks,1813.2908163265306,587.3086734693877,0,4
18,5,4ApNec 300-20 5green_mask.tif,4ApNec 300-20 5violet_orig.tif,4ApNec 300-20 5red_mask.tif,4ApNec 300-20 5violet_mask.tif,C:\Users\Modern\Desktop\Science stuff from the USB\23-12-2022 Vero on Matrixes\BatchConvert\Masks,C:\Users\Modern\Desktop\Science stuff from the USB\23-12-2022 Vero on Matrixes\BatchConvert\Masks,C:\Users\Modern\Desktop\Science stuff from the USB\23-12-2022 Vero on Matrixes\BatchConvert\Masks,C:\Users\Modern\Desktop\Science stuff from the USB\23-12-2022 Vero on Matrixes\BatchConvert\Masks,947.4067226890757,905.946218487395,0,5
18,6,4ApNec 300-20 5green_mask.tif,4ApNec 300-20 5violet_orig.tif,4ApNec 300-20 5red_mask.tif,4ApNec 300-20 5violet_mask.tif,C:\Users\Modern\Desktop\Science stuff from the USB\23-12-2022 Vero on Matrixes\BatchConvert\Masks,C:\Users\Modern\Desktop\Science stuff from the USB\23-12-2022 Vero on Matrixes\BatchConvert\Masks,C:\Users\Modern\Desktop\Science stuff from the USB\23-12-2022 Vero on Matrixes\BatchConvert\Masks,C:\Users\Modern\Desktop\Science stuff from the USB\23-12-2022 Vero on Matrixes\BatchConvert\Masks,434.32026143790847,970.6437908496732,0,6
18,7,4ApNec 300-20 5green_mask.tif,4ApNec 300-20 5violet_orig.tif,4ApNec 300-20 5red_mask.tif,4ApNec 300-20 5violet_mask.tif,C:\Users\Modern\Desktop\Science stuff from the USB\23-12-2022 Vero on Matrixes\BatchConvert\Masks,C:\Users\Modern\Desktop\Science stuff from the USB\23-12-2022 Vero on Matrixes\BatchConvert\Masks,C:\Users\Modern\Desktop\Science stuff from the USB\23-12-2022 Vero on Matrixes\BatchConvert\Masks,C:\Users\Modern\Desktop\Science stuff from the USB\23-12-2022 Vero on Matrixes\BatchConvert\Masks,466.72843080486393,989.2229299363057,0,7
19,1,5ApNec 300-20 6green_mask.tif,5ApNec 300-20 6violet_orig.tif,5ApNec 300-20 6red_mask.tif,5ApNec 300-20 6violet_mask.tif,C:\Users\Modern\Desktop\Science stuff from the USB\23-12-2022 Vero on Matrixes\BatchConvert\Masks,C:\Users\Modern\Desktop\Science stuff from the USB\23-12-2022 Vero on Matrixes\BatchConvert\Masks,C:\Users\Modern\Desktop\Science stuff from the USB\23-12-2022 Vero on Matrixes\BatchConvert\Masks,C:\Users\Modern\Desktop\Science stuff from the USB\23-12-2022 Vero on Matrixes\BatchConvert\Masks,209.61912613355318,1822.1145919208573,0,1
19,2,5ApNec 300-20 6green_mask.tif,5ApNec 300-20 6violet_orig.tif,5ApNec 300-20 6red_mask.tif,5ApNec 300-20 6violet_mask.tif,C:\Users\Modern\Desktop\Science stuff from the USB\23-12-2022 Vero on Matrixes\BatchConvert\Masks,C:\Users\Modern\Desktop\Science stuff from the USB\23-12-2022 Vero on Matrixes\BatchConvert\Masks,C:\Users\Modern\Desktop\Science stuff from the USB\23-12-2022 Vero on Matrixes\BatchConvert\Masks,C:\Users\Modern\Desktop\Science stuff from the USB\23-12-2022 Vero on Matrixes\BatchConvert\Masks,240.2777142857143,1827.08,0,2
19,3,5ApNec 300-20 6green_mask.tif,5ApNec 300-20 6violet_orig.tif,5ApNec 300-20 6red_mask.tif,5ApNec 300-20 6violet_mask.tif,C:\Users\Modern\Desktop\Science stuff from the USB\23-12-2022 Vero on Matrixes\BatchConvert\Masks,C:\Users\Modern\Desktop\Science stuff from the USB\23-12-2022 Vero on Matrixes\BatchConvert\Masks,C:\Users\Modern\Desktop\Science stuff from the USB\23-12-2022 Vero on Matrixes\BatchConvert\Masks,C:\Users\Modern\Desktop\Science stuff from the USB\23-12-2022 Vero on Matrixes\BatchConvert\Masks,165.57958199356912,1842.3263665594855,0,3
19,4,5ApNec 300-20 6green_mask.tif,5ApNec 300-20 6violet_orig.tif,5ApNec 300-20 6red_mask.tif,5ApNec 300-20 6violet_mask.tif,C:\Users\Modern\Desktop\Science stuff from the USB\23-12-2022 Vero on Matrixes\BatchConvert\Masks,C:\Users\Modern\Desktop\Science stuff from the USB\23-12-2022 Vero on Matrixes\BatchConvert\Masks,C:\Users\Modern\Desktop\Science stuff from the USB\23-12-2022 Vero on Matrixes\BatchConvert\Masks,C:\Users\Modern\Desktop\Science stuff from the USB\23-12-2022 Vero on Matrixes\BatchConvert\Masks,210.30589849108367,1869.661865569273,0,4
19,5,5ApNec 300-20 6green_mask.tif,5ApNec 300-20 6violet_orig.tif,5ApNec 300-20 6red_mask.tif,5ApNec 300-20 6violet_mask.tif,C:\Users\Modern\Desktop\Science stuff from the USB\23-12-2022 Vero on Matrixes\BatchConvert\Masks,C:\Users\Modern\Desktop\Science stuff from the USB\23-12-2022 Vero on Matrixes\BatchConvert\Masks,C:\Users\Modern\Desktop\Science stuff from the USB\23-12-2022 Vero on Matrixes\BatchConvert\Masks,C:\Users\Modern\Desktop\Science stuff from the USB\23-12-2022 Vero on Matrixes\BatchConvert\Masks,120.65073245952198,1880.8010794140323,0,5
19,6,5ApNec 300-20 6green_mask.tif,5ApNec 300-20 6violet_orig.tif,5ApNec 300-20 6red_mask.tif,5ApNec 300-20 6violet_mask.tif,C:\Users\Modern\Desktop\Science stuff from the USB\23-12-2022 Vero on Matrixes\BatchConvert\Masks,C:\Users\Modern\Desktop\Science stuff from the USB\23-12-2022 Vero on Matrixes\BatchConvert\Masks,C:\Users\Modern\Desktop\Science stuff from the USB\23-12-2022 Vero on Matrixes\BatchConvert\Masks,C:\Users\Modern\Desktop\Science stuff from the USB\23-12-2022 Vero on Matrixes\BatchConvert\Masks,1436.27786259542,1918.9007633587787,0,6
19,7,5ApNec 300-20 6green_mask.tif,5ApNec 300-20 6violet_orig.tif,5ApNec 300-20 6red_mask.tif,5ApNec 300-20 6violet_mask.tif,C:\Users\Modern\Desktop\Science stuff from the USB\23-12-2022 Vero on Matrixes\BatchConvert\Masks,C:\Users\Modern\Desktop\Science stuff from the USB\23-12-2022 Vero on Matrixes\BatchConvert\Masks,C:\Users\Modern\Desktop\Science stuff from the USB\23-12-2022 Vero on Matrixes\BatchConvert\Masks,C:\Users\Modern\Desktop\Science stuff from the USB\23-12-2022 Vero on Matrixes\BatchConvert\Masks,915.35,1980.6694444444445,0,7
19,8,5ApNec 300-20 6green_mask.tif,5ApNec 300-20 6violet_orig.tif,5ApNec 300-20 6red_mask.tif,5ApNec 300-20 6violet_mask.tif,C:\Users\Modern\Desktop\Science stuff from the USB\23-12-2022 Vero on Matrixes\BatchConvert\Masks,C:\Users\Modern\Desktop\Science stuff from the USB\23-12-2022 Vero on Matrixes\BatchConvert\Masks,C:\Users\Modern\Desktop\Science stuff from the USB\23-12-2022 Vero on Matrixes\BatchConvert\Masks,C:\Users\Modern\Desktop\Science stuff from the USB\23-12-2022 Vero on Matrixes\BatchConvert\Masks,279.15546218487395,1997.8529411764705,0,8
20,1,6ApNec 300-20 7green_mask.tif,6ApNec 300-20 7violet_orig.tif,6ApNec 300-20 7red_mask.tif,6ApNec 300-20 7violet_mask.tif,C:\Users\Modern\Desktop\Science stuff from the USB\23-12-2022 Vero on Matrixes\BatchConvert\Masks,C:\Users\Modern\Desktop\Science stuff from the USB\23-12-2022 Vero on Matrixes\BatchConvert\Masks,C:\Users\Modern\Desktop\Science stuff from the USB\23-12-2022 Vero on Matrixes\BatchConvert\Masks,C:\Users\Modern\Desktop\Science stuff from the USB\23-12-2022 Vero on Matrixes\BatchConvert\Masks,209.61912613355318,1822.1145919208573,0,1
20,2,6ApNec 300-20 7green_mask.tif,6ApNec 300-20 7violet_orig.tif,6ApNec 300-20 7red_mask.tif,6ApNec 300-20 7violet_mask.tif,C:\Users\Modern\Desktop\Science stuff from the USB\23-12-2022 Vero on Matrixes\BatchConvert\Masks,C:\Users\Modern\Desktop\Science stuff from the USB\23-12-2022 Vero on Matrixes\BatchConvert\Masks,C:\Users\Modern\Desktop\Science stuff from the USB\23-12-2022 Vero on Matrixes\BatchConvert\Masks,C:\Users\Modern\Desktop\Science stuff from the USB\23-12-2022 Vero on Matrixes\BatchConvert\Masks,240.2777142857143,1827.08,0,2
20,3,6ApNec 300-20 7green_mask.tif,6ApNec 300-20 7violet_orig.tif,6ApNec 300-20 7red_mask.tif,6ApNec 300-20 7violet_mask.tif,C:\Users\Modern\Desktop\Science stuff from the USB\23-12-2022 Vero on Matrixes\BatchConvert\Masks,C:\Users\Modern\Desktop\Science stuff from the USB\23-12-2022 Vero on Matrixes\BatchConvert\Masks,C:\Users\Modern\Desktop\Science stuff from the USB\23-12-2022 Vero on Matrixes\BatchConvert\Masks,C:\Users\Modern\Desktop\Science stuff from the USB\23-12-2022 Vero on Matrixes\BatchConvert\Masks,165.57958199356912,1842.3263665594855,0,3
20,4,6ApNec 300-20 7green_mask.tif,6ApNec 300-20 7violet_orig.tif,6ApNec 300-20 7red_mask.tif,6ApNec 300-20 7violet_mask.tif,C:\Users\Modern\Desktop\Science stuff from the USB\23-12-2022 Vero on Matrixes\BatchConvert\Masks,C:\Users\Modern\Desktop\Science stuff from the USB\23-12-2022 Vero on Matrixes\BatchConvert\Masks,C:\Users\Modern\Desktop\Science stuff from the USB\23-12-2022 Vero on Matrixes\BatchConvert\Masks,C:\Users\Modern\Desktop\Science stuff from the USB\23-12-2022 Vero on Matrixes\BatchConvert\Masks,210.30589849108367,1869.661865569273,0,4
20,5,6ApNec 300-20 7green_mask.tif,6ApNec 300-20 7violet_orig.tif,6ApNec 300-20 7red_mask.tif,6ApNec 300-20 7violet_mask.tif,C:\Users\Modern\Desktop\Science stuff from the USB\23-12-2022 Vero on Matrixes\BatchConvert\Masks,C:\Users\Modern\Desktop\Science stuff from the USB\23-12-2022 Vero on Matrixes\BatchConvert\Masks,C:\Users\Modern\Desktop\Science stuff from the USB\23-12-2022 Vero on Matrixes\BatchConvert\Masks,C:\Users\Modern\Desktop\Science stuff from the USB\23-12-2022 Vero on Matrixes\BatchConvert\Masks,120.65073245952198,1880.8010794140323,0,5
20,6,6ApNec 300-20 7green_mask.tif,6ApNec 300-20 7violet_orig.tif,6ApNec 300-20 7red_mask.tif,6ApNec 300-20 7violet_mask.tif,C:\Users\Modern\Desktop\Science stuff from the USB\23-12-2022 Vero on Matrixes\BatchConvert\Masks,C:\Users\Modern\Desktop\Science stuff from the USB\23-12-2022 Vero on Matrixes\BatchConvert\Masks,C:\Users\Modern\Desktop\Science stuff from the USB\23-12-2022 Vero on Matrixes\BatchConvert\Masks,C:\Users\Modern\Desktop\Science stuff from the USB\23-12-2022 Vero on Matrixes\BatchConvert\Masks,1436.27786259542,1918.9007633587787,0,6
20,7,6ApNec 300-20 7green_mask.tif,6ApNec 300-20 7violet_orig.tif,6ApNec 300-20 7red_mask.tif,6ApNec 300-20 7violet_mask.tif,C:\Users\Modern\Desktop\Science stuff from the USB\23-12-2022 Vero on Matrixes\BatchConvert\Masks,C:\Users\Modern\Desktop\Science stuff from the USB\23-12-2022 Vero on Matrixes\BatchConvert\Masks,C:\Users\Modern\Desktop\Science stuff from the USB\23-12-2022 Vero on Matrixes\BatchConvert\Masks,C:\Users\Modern\Desktop\Science stuff from the USB\23-12-2022 Vero on Matrixes\BatchConvert\Masks,915.35,1980.6694444444445,0,7
20,8,6ApNec 300-20 7green_mask.tif,6ApNec 300-20 7violet_orig.tif,6ApNec 300-20 7red_mask.tif,6ApNec 300-20 7violet_mask.tif,C:\Users\Modern\Desktop\Science stuff from the USB\23-12-2022 Vero on Matrixes\BatchConvert\Masks,C:\Users\Modern\Desktop\Science stuff from the USB\23-12-2022 Vero on Matrixes\BatchConvert\Masks,C:\Users\Modern\Desktop\Science stuff from the USB\23-12-2022 Vero on Matrixes\BatchConvert\Masks,C:\Users\Modern\Desktop\Science stuff from the USB\23-12-2022 Vero on Matrixes\BatchConvert\Masks,279.15546218487395,1997.8529411764705,0,8
21,1,7ApNec 300-20 8green_mask.tif,7ApNec 300-20 8violet_orig.tif,7ApNec 300-20 8red_mask.tif,7ApNec 300-20 8violet_mask.tif,C:\Users\Modern\Desktop\Science stuff from the USB\23-12-2022 Vero on Matrixes\BatchConvert\Masks,C:\Users\Modern\Desktop\Science stuff from the USB\23-12-2022 Vero on Matrixes\BatchConvert\Masks,C:\Users\Modern\Desktop\Science stuff from the USB\23-12-2022 Vero on Matrixes\BatchConvert\Masks,C:\Users\Modern\Desktop\Science stuff from the USB\23-12-2022 Vero on Matrixes\BatchConvert\Masks,1212.5152284263959,739.5939086294417,0,1
21,2,7ApNec 300-20 8green_mask.tif,7ApNec 300-20 8violet_orig.tif,7ApNec 300-20 8red_mask.tif,7ApNec 300-20 8violet_mask.tif,C:\Users\Modern\Desktop\Science stuff from the USB\23-12-2022 Vero on Matrixes\BatchConvert\Masks,C:\Users\Modern\Desktop\Science stuff from the USB\23-12-2022 Vero on Matrixes\BatchConvert\Masks,C:\Users\Modern\Desktop\Science stuff from the USB\23-12-2022 Vero on Matrixes\BatchConvert\Masks,C:\Users\Modern\Desktop\Science stuff from the USB\23-12-2022 Vero on Matrixes\BatchConvert\Masks,1188.4858044164039,758.5583596214511,0,2
22,1,8ApNec 300-20 9green_mask.tif,8ApNec 300-20 9violet_orig.tif,8ApNec 300-20 9red_mask.tif,8ApNec 300-20 9violet_mask.tif,C:\Users\Modern\Desktop\Science stuff from the USB\23-12-2022 Vero on Matrixes\BatchConvert\Masks,C:\Users\Modern\Desktop\Science stuff from the USB\23-12-2022 Vero on Matrixes\BatchConvert\Masks,C:\Users\Modern\Desktop\Science stuff from the USB\23-12-2022 Vero on Matrixes\BatchConvert\Masks,C:\Users\Modern\Desktop\Science stuff from the USB\23-12-2022 Vero on Matrixes\BatchConvert\Masks,829.7784090909091,238.2244318181818,0,1
22,2,8ApNec 300-20 9green_mask.tif,8ApNec 300-20 9violet_orig.tif,8ApNec 300-20 9red_mask.tif,8ApNec 300-20 9violet_mask.tif,C:\Users\Modern\Desktop\Science stuff from the USB\23-12-2022 Vero on Matrixes\BatchConvert\Masks,C:\Users\Modern\Desktop\Science stuff from the USB\23-12-2022 Vero on Matrixes\BatchConvert\Masks,C:\Users\Modern\Desktop\Science stuff from the USB\23-12-2022 Vero on Matrixes\BatchConvert\Masks,C:\Users\Modern\Desktop\Science stuff from the USB\23-12-2022 Vero on Matrixes\BatchConvert\Masks,811.5054545454545,244.55636363636364,0,2
22,3,8ApNec 300-20 9green_mask.tif,8ApNec 300-20 9violet_orig.tif,8ApNec 300-20 9red_mask.tif,8ApNec 300-20 9violet_mask.tif,C:\Users\Modern\Desktop\Science stuff from the USB\23-12-2022 Vero on Matrixes\BatchConvert\Masks,C:\Users\Modern\Desktop\Science stuff from the USB\23-12-2022 Vero on Matrixes\BatchConvert\Masks,C:\Users\Modern\Desktop\Science stuff from the USB\23-12-2022 Vero on Matrixes\BatchConvert\Masks,C:\Users\Modern\Desktop\Science stuff from the USB\23-12-2022 Vero on Matrixes\BatchConvert\Masks,1020.289290681502,908.6884561891516,0,3
22,4,8ApNec 300-20 9green_mask.tif,8ApNec 300-20 9violet_orig.tif,8ApNec 300-20 9red_mask.tif,8ApNec 300-20 9violet_mask.tif,C:\Users\Modern\Desktop\Science stuff from the USB\23-12-2022 Vero on Matrixes\BatchConvert\Masks,C:\Users\Modern\Desktop\Science stuff from the USB\23-12-2022 Vero on Matrixes\BatchConvert\Masks,C:\Users\Modern\Desktop\Science stuff from the USB\23-12-2022 Vero on Matrixes\BatchConvert\Masks,C:\Users\Modern\Desktop\Science stuff from the USB\23-12-2022 Vero on Matrixes\BatchConvert\Masks,1851.7858880778588,1441.8272506082726,0,4
23,1,9ApNec 300-20 10green_mask.tif,9ApNec 300-20 10violet_orig.tif,9ApNec 300-20 10red_mask.tif,9ApNec 300-20 10violet_mask.tif,C:\Users\Modern\Desktop\Science stuff from the USB\23-12-2022 Vero on Matrixes\BatchConvert\Masks,C:\Users\Modern\Desktop\Science stuff from the USB\23-12-2022 Vero on Matrixes\BatchConvert\Masks,C:\Users\Modern\Desktop\Science stuff from the USB\23-12-2022 Vero on Matrixes\BatchConvert\Masks,C:\Users\Modern\Desktop\Science stuff from the USB\23-12-2022 Vero on Matrixes\BatchConvert\Masks,734.5,181.13333333333333,0,1
23,2,9ApNec 300-20 10green_mask.tif,9ApNec 300-20 10violet_orig.tif,9ApNec 300-20 10red_mask.tif,9ApNec 300-20 10violet_mask.tif,C:\Users\Modern\Desktop\Science stuff from the USB\23-12-2022 Vero on Matrixes\BatchConvert\Masks,C:\Users\Modern\Desktop\Science stuff from the USB\23-12-2022 Vero on Matrixes\BatchConvert\Masks,C:\Users\Modern\Desktop\Science stuff from the USB\23-12-2022 Vero on Matrixes\BatchConvert\Masks,C:\Users\Modern\Desktop\Science stuff from the USB\23-12-2022 Vero on Matrixes\BatchConvert\Masks,653.1881188118812,393.4752475247525,0,2
23,3,9ApNec 300-20 10green_mask.tif,9ApNec 300-20 10violet_orig.tif,9ApNec 300-20 10red_mask.tif,9ApNec 300-20 10violet_mask.tif,C:\Users\Modern\Desktop\Science stuff from the USB\23-12-2022 Vero on Matrixes\BatchConvert\Masks,C:\Users\Modern\Desktop\Science stuff from the USB\23-12-2022 Vero on Matrixes\BatchConvert\Masks,C:\Users\Modern\Desktop\Science stuff from the USB\23-12-2022 Vero on Matrixes\BatchConvert\Masks,C:\Users\Modern\Desktop\Science stuff from the USB\23-12-2022 Vero on Matrixes\BatchConvert\Masks,719.3111111111111,571.9619047619047,0,3
23,4,9ApNec 300-20 10green_mask.tif,9ApNec 300-20 10violet_orig.tif,9ApNec 300-20 10red_mask.tif,9ApNec 300-20 10violet_mask.tif,C:\Users\Modern\Desktop\Science stuff from the USB\23-12-2022 Vero on Matrixes\BatchConvert\Masks,C:\Users\Modern\Desktop\Science stuff from the USB\23-12-2022 Vero on Matrixes\BatchConvert\Masks,C:\Users\Modern\Desktop\Science stuff from the USB\23-12-2022 Vero on Matrixes\BatchConvert\Masks,C:\Users\Modern\Desktop\Science stuff from the USB\23-12-2022 Vero on Matrixes\BatchConvert\Masks,652.0927272727273,669.0909090909091,0,4
23,5,9ApNec 300-20 10green_mask.tif,9ApNec 300-20 10violet_orig.tif,9ApNec 300-20 10red_mask.tif,9ApNec 300-20 10violet_mask.tif,C:\Users\Modern\Desktop\Science stuff from the USB\23-12-2022 Vero on Matrixes\BatchConvert\Masks,C:\Users\Modern\Desktop\Science stuff from the USB\23-12-2022 Vero on Matrixes\BatchConvert\Masks,C:\Users\Modern\Desktop\Science stuff from the USB\23-12-2022 Vero on Matrixes\BatchConvert\Masks,C:\Users\Modern\Desktop\Science stuff from the USB\23-12-2022 Vero on Matrixes\BatchConvert\Masks,656.998687664042,973.7204724409448,0,5
23,6,9ApNec 300-20 10green_mask.tif,9ApNec 300-20 10violet_orig.tif,9ApNec 300-20 10red_mask.tif,9ApNec 300-20 10violet_mask.tif,C:\Users\Modern\Desktop\Science stuff from the USB\23-12-2022 Vero on Matrixes\BatchConvert\Masks,C:\Users\Modern\Desktop\Science stuff from the USB\23-12-2022 Vero on Matrixes\BatchConvert\Masks,C:\Users\Modern\Desktop\Science stuff from the USB\23-12-2022 Vero on Matrixes\BatchConvert\Masks,C:\Users\Modern\Desktop\Science stuff from the USB\23-12-2022 Vero on Matrixes\BatchConvert\Masks,999.9469122426868,1046.6522210184182,0,6
23,7,9ApNec 300-20 10green_mask.tif,9ApNec 300-20 10violet_orig.tif,9ApNec 300-20 10red_mask.tif,9ApNec 300-20 10violet_mask.tif,C:\Users\Modern\Desktop\Science stuff from the USB\23-12-2022 Vero on Matrixes\BatchConvert\Masks,C:\Users\Modern\Desktop\Science stuff from the USB\23-12-2022 Vero on Matrixes\BatchConvert\Masks,C:\Users\Modern\Desktop\Science stuff from the USB\23-12-2022 Vero on Matrixes\BatchConvert\Masks,C:\Users\Modern\Desktop\Science stuff from the USB\23-12-2022 Vero on Matrixes\BatchConvert\Masks,934.592363261094,1320.3147574819402,0,7
23,8,9ApNec 300-20 10green_mask.tif,9ApNec 300-20 10violet_orig.tif,9ApNec 300-20 10red_mask.tif,9ApNec 300-20 10violet_mask.tif,C:\Users\Modern\Desktop\Science stuff from the USB\23-12-2022 Vero on Matrixes\BatchConvert\Masks,C:\Users\Modern\Desktop\Science stuff from the USB\23-12-2022 Vero on Matrixes\BatchConvert\Masks,C:\Users\Modern\Desktop\Science stuff from the USB\23-12-2022 Vero on Matrixes\BatchConvert\Masks,C:\Users\Modern\Desktop\Science stuff from the USB\23-12-2022 Vero on Matrixes\BatchConvert\Masks,1863.170859538784,1404.3060796645702,0,8
23,9,9ApNec 300-20 10green_mask.tif,9ApNec 300-20 10violet_orig.tif,9ApNec 300-20 10red_mask.tif,9ApNec 300-20 10violet_mask.tif,C:\Users\Modern\Desktop\Science stuff from the USB\23-12-2022 Vero on Matrixes\BatchConvert\Masks,C:\Users\Modern\Desktop\Science stuff from the USB\23-12-2022 Vero on Matrixes\BatchConvert\Masks,C:\Users\Modern\Desktop\Science stuff from the USB\23-12-2022 Vero on Matrixes\BatchConvert\Masks,C:\Users\Modern\Desktop\Science stuff from the USB\23-12-2022 Vero on Matrixes\BatchConvert\Masks,1876.3411949685535,1437.1446540880504,0,9
23,10,9ApNec 300-20 10green_mask.tif,9ApNec 300-20 10violet_orig.tif,9ApNec 300-20 10red_mask.tif,9ApNec 300-20 10violet_mask.tif,C:\Users\Modern\Desktop\Science stuff from the USB\23-12-2022 Vero on Matrixes\BatchConvert\Masks,C:\Users\Modern\Desktop\Science stuff from the USB\23-12-2022 Vero on Matrixes\BatchConvert\Masks,C:\Users\Modern\Desktop\Science stuff from the USB\23-12-2022 Vero on Matrixes\BatchConvert\Masks,C:\Users\Modern\Desktop\Science stuff from the USB\23-12-2022 Vero on Matrixes\BatchConvert\Masks,1206.1019736842106,1557.8936403508771,0,10
23,11,9ApNec 300-20 10green_mask.tif,9ApNec 300-20 10violet_orig.tif,9ApNec 300-20 10red_mask.tif,9ApNec 300-20 10violet_mask.tif,C:\Users\Modern\Desktop\Science stuff from the USB\23-12-2022 Vero on Matrixes\BatchConvert\Masks,C:\Users\Modern\Desktop\Science stuff from the USB\23-12-2022 Vero on Matrixes\BatchConvert\Masks,C:\Users\Modern\Desktop\Science stuff from the USB\23-12-2022 Vero on Matrixes\BatchConvert\Masks,C:\Users\Modern\Desktop\Science stuff from the USB\23-12-2022 Vero on Matrixes\BatchConvert\Masks,347.49074074074076,1927.9135802469136,0,11
